2026-09-16 09:40:01,612 INFO oes session_created role=admin
2026-09-16 09:40:01,616 INFO oes request method=POST path=/login status=303 duration_ms=7.03
2026-09-16 09:40:01,624 INFO oes config_read keys=['check_day_of_birth', 'check_email', 'check_firstname', 'check_info', 'check_secondname', 'release_date', 'version_number']
2026-09-16 09:40:01,625 INFO oes request method=GET path=/admin/system status=200 duration_ms=3.04
2026-09-16 09:40:01,629 INFO oes config_read keys=['check_day_of_birth', 'check_email', 'check_firstname', 'check_info', 'check_secondname', 'release_date', 'version_number']
2026-09-16 09:40:01,630 INFO oes request method=GET path=/admin/network status=200 duration_ms=2.32
2026-09-16 09:42:06,852 INFO oes session_created role=admin
2026-09-16 09:42:06,853 INFO oes config_read keys=['check_day_of_birth', 'check_email', 'check_firstname', 'check_info', 'check_secondname', 'release_date', 'version_number']
2026-09-16 09:42:06,955 INFO oes config_read keys=['check_day_of_birth', 'check_email', 'check_firstname', 'check_info', 'check_secondname', 'release_date', 'version_number']
2026-09-16 09:42:06,955 INFO oes request method=GET path=/api/admin/config status=200 duration_ms=3.05
2026-09-16 09:42:06,961 INFO oes config_read keys=['check_day_of_birth', 'check_email', 'check_firstname', 'check_info', 'check_secondname', 'release_date', 'version_number']
2026-09-16 09:42:06,969 INFO oes config_updated keys=['status']
2026-09-16 09:42:06,970 INFO oes request method=POST path=/api/admin/config status=303 duration_ms=10.48
2026-09-16 09:42:06,973 INFO oes config_read keys=['check_day_of_birth', 'check_email', 'check_firstname', 'check_info', 'check_secondname', 'release_date', 'status', 'version_number']
2026-09-16 09:42:06,974 INFO oes config_read keys=['check_day_of_birth', 'check_email', 'check_firstname', 'check_info', 'check_secondname', 'release_date', 'status', 'version_number']
2026-09-16 09:42:06,978 INFO oes config_updated keys=['status']
2026-09-16 09:42:06,986 WARNING oes config_update_rejected key=not_allowed
2026-09-16 09:42:06,987 INFO oes request method=POST path=/api/admin/config status=400 duration_ms=3.95
2026-09-16 09:43:27,514 INFO oes request method=GET path=/ status=200 duration_ms=4.09
2026-09-16 09:55:27,706 WARNING oes session_missing path=/teacher/dashboard
2026-09-16 09:55:27,709 INFO oes request method=GET path=/teacher/dashboard status=401 duration_ms=5.97
2026-09-16 09:55:27,734 INFO oes session_created role=teacher
2026-09-16 09:55:27,735 INFO oes request method=POST path=/login status=303 duration_ms=18.77
2026-09-16 09:55:27,747 INFO oes config_read keys=['check_day_of_birth', 'check_email', 'check_firstname', 'check_info', 'check_secondname', 'release_date', 'version_number']
2026-09-16 09:55:27,750 INFO oes request method=GET path=/teacher/dashboard status=200 duration_ms=9.91
2026-09-16 09:55:27,758 INFO oes config_read keys=['check_day_of_birth', 'check_email', 'check_firstname', 'check_info', 'check_secondname', 'release_date', 'version_number']
2026-09-16 09:55:27,765 INFO oes request method=GET path=/teacher/exam-status status=200 duration_ms=9.75
2026-09-16 09:55:27,772 INFO oes config_read keys=['check_day_of_birth', 'check_email', 'check_firstname', 'check_info', 'check_secondname', 'release_date', 'version_number']
2026-09-16 09:55:27,778 INFO oes request method=GET path=/teacher/students status=200 duration_ms=8.49
2026-09-16 09:55:27,787 INFO oes config_read keys=['check_day_of_birth', 'check_email', 'check_firstname', 'check_info', 'check_secondname', 'release_date', 'version_number']
2026-09-16 09:55:27,790 INFO oes request method=GET path=/teacher/exam-maker status=200 duration_ms=5.88
2026-09-16 09:55:27,801 INFO oes config_read keys=['check_day_of_birth', 'check_email', 'check_firstname', 'check_info', 'check_secondname', 'release_date', 'version_number']
2026-09-16 09:55:27,804 INFO oes request method=GET path=/teacher/preview-exam status=200 duration_ms=4.52
2026-09-16 09:55:27,815 INFO oes config_read keys=['check_day_of_birth', 'check_email', 'check_firstname', 'check_info', 'check_secondname', 'release_date', 'version_number']
2026-09-16 09:55:27,818 INFO oes request method=GET path=/teacher/logs status=200 duration_ms=7.31
2026-09-16 09:55:27,825 INFO oes config_read keys=['check_day_of_birth', 'check_email', 'check_firstname', 'check_info', 'check_secondname', 'release_date', 'version_number']
2026-09-16 09:55:27,833 INFO oes request method=GET path=/teacher/version status=200 duration_ms=10.66
2026-09-16 09:55:27,841 INFO oes config_read keys=['check_day_of_birth', 'check_email', 'check_firstname', 'check_info', 'check_secondname', 'release_date', 'version_number']
2026-09-16 09:55:27,845 INFO oes request method=GET path=/teacher/license status=200 duration_ms=6.64
2026-09-16 09:55:27,854 INFO oes request method=GET path=/admin/dashboard status=403 duration_ms=3.04
2026-09-16 10:00:52,390 INFO oes request method=GET path=/ status=200 duration_ms=10.20
2026-09-16 10:01:55,017 INFO oes request method=GET path=/ status=200 duration_ms=7.90
2026-09-16 10:01:55,603 INFO oes request method=GET path=/favicon.ico status=404 duration_ms=0.77
2026-09-16 10:02:02,838 INFO oes request method=POST path=/login status=401 duration_ms=10.38
2026-09-16 10:03:32,570 INFO oes request method=POST path=/login status=401 duration_ms=7.00
2026-09-16 10:03:32,585 INFO oes request method=POST path=/login status=401 duration_ms=2.33
2026-09-16 10:03:32,669 INFO oes session_created role=admin
2026-09-16 10:03:32,670 INFO oes request method=POST path=/login status=303 duration_ms=74.98
2026-09-16 10:03:32,683 INFO oes session_created role=teacher
2026-09-16 10:03:32,685 INFO oes request method=POST path=/login status=303 duration_ms=4.32
2026-09-16 10:04:24,141 INFO oes request method=GET path=/ status=200 duration_ms=12.16
2026-09-16 10:04:28,916 INFO oes request method=POST path=/login status=401 duration_ms=5.86
2026-09-16 10:08:11,030 INFO oes session_created role=admin
2026-09-16 10:08:11,032 INFO oes request method=POST path=/login status=303 duration_ms=19.61
2026-09-16 10:08:11,044 INFO oes config_read keys=['check_day_of_birth', 'check_email', 'check_firstname', 'check_info', 'check_secondname', 'release_date', 'version_number']
2026-09-16 10:08:11,046 INFO oes request method=GET path=/admin/cluster status=200 duration_ms=5.41
2026-09-16 10:08:11,055 INFO oes config_read keys=['check_day_of_birth', 'check_email', 'check_firstname', 'check_info', 'check_secondname', 'release_date', 'version_number']
2026-09-16 10:08:11,056 INFO oes config_read keys=['check_day_of_birth', 'check_email', 'check_firstname', 'check_info', 'check_secondname', 'release_date', 'version_number']
2026-09-16 10:08:11,057 INFO oes config_read keys=['check_day_of_birth', 'check_email', 'check_firstname', 'check_info', 'check_secondname', 'release_date', 'version_number']
2026-09-16 10:08:11,059 INFO oes request method=GET path=/api/admin/cluster status=200 duration_ms=7.75
2026-09-16 10:08:11,073 INFO oes request method=POST path=/api/admin/cluster/discover status=403 duration_ms=8.16
2026-09-16 10:08:53,675 WARNING oes development_default_credentials_enabled change OES_ADMIN_PASSWORD and OES_TEACHER_PASSWORD before deployment
2026-09-16 10:08:53,960 INFO oes session_created role=admin
2026-09-16 10:08:53,965 INFO oes request method=POST path=/login status=303 duration_ms=12.75
2026-09-16 10:08:53,982 INFO oes config_read keys=['check_day_of_birth', 'check_email', 'check_firstname', 'check_info', 'check_secondname', 'release_date', 'version_number']
2026-09-16 10:08:53,984 INFO oes config_read keys=['check_day_of_birth', 'check_email', 'check_firstname', 'check_info', 'check_secondname', 'release_date', 'version_number']
2026-09-16 10:08:53,986 INFO oes config_read keys=['check_day_of_birth', 'check_email', 'check_firstname', 'check_info', 'check_secondname', 'release_date', 'version_number']
2026-09-16 10:08:53,988 INFO oes request method=GET path=/api/admin/cluster status=200 duration_ms=11.52
2026-09-16 10:08:54,004 INFO oes config_read keys=['check_day_of_birth', 'check_email', 'check_firstname', 'check_info', 'check_secondname', 'release_date', 'version_number']
2026-09-16 10:08:54,007 INFO oes request method=GET path=/admin/cluster status=200 duration_ms=8.71
2026-09-16 10:10:34,853 INFO oes session_created role=admin
2026-09-16 10:10:34,857 INFO oes request method=POST path=/login status=303 duration_ms=30.83
2026-09-16 10:10:34,875 INFO oes config_read keys=['check_day_of_birth', 'check_email', 'check_firstname', 'check_info', 'check_secondname', 'release_date', 'version_number']
2026-09-16 10:10:34,879 INFO oes request method=GET path=/admin/dashboard status=200 duration_ms=12.45
2026-09-16 10:10:34,894 INFO oes config_read keys=['check_day_of_birth', 'check_email', 'check_firstname', 'check_info', 'check_secondname', 'release_date', 'version_number']
2026-09-16 10:10:34,895 INFO oes config_read keys=['check_day_of_birth', 'check_email', 'check_firstname', 'check_info', 'check_secondname', 'release_date', 'version_number']
2026-09-16 10:10:34,896 INFO oes config_read keys=['check_day_of_birth', 'check_email', 'check_firstname', 'check_info', 'check_secondname', 'release_date', 'version_number']
2026-09-16 10:10:34,897 INFO oes request method=GET path=/api/admin/cluster status=200 duration_ms=9.78
2026-09-16 10:10:34,910 INFO oes session_created role=teacher
2026-09-16 10:10:34,911 INFO oes request method=POST path=/login status=303 duration_ms=4.97
2026-09-16 10:10:34,926 INFO oes config_read keys=['check_day_of_birth', 'check_email', 'check_firstname', 'check_info', 'check_secondname', 'release_date', 'version_number']
2026-09-16 10:10:34,930 INFO oes request method=GET path=/teacher/exam-status status=200 duration_ms=8.98
2026-09-16 10:10:34,943 INFO oes request method=GET path=/admin/dashboard status=403 duration_ms=3.38
2026-09-16 10:10:59,458 INFO oes session_created role=admin
2026-09-16 10:10:59,459 INFO oes request method=POST path=/login status=303 duration_ms=11.14
2026-09-16 10:10:59,475 INFO oes config_read keys=['check_day_of_birth', 'check_email', 'check_firstname', 'check_info', 'check_secondname', 'release_date', 'version_number']
2026-09-16 10:10:59,478 INFO oes request method=GET path=/admin/cluster status=200 duration_ms=7.24
2026-09-16 10:10:59,490 INFO oes config_read keys=['check_day_of_birth', 'check_email', 'check_firstname', 'check_info', 'check_secondname', 'release_date', 'version_number']
2026-09-16 10:10:59,491 INFO oes request method=GET path=/api/admin/config status=200 duration_ms=4.49
2026-09-16 10:15:49,436 INFO oes database_initialized path=C:\Users\ih6382\Desktop\OESServer\Open-Exam-System-main\data\oes.sqlite3
2026-09-16 10:15:49,447 INFO oes exam_created exam_id=4429a25b-e977-449a-aabd-b41ffa9f6362 teacher=teacher-test
2026-09-16 10:15:49,457 INFO oes exam_deleted exam_id=4429a25b-e977-449a-aabd-b41ffa9f6362 teacher=teacher-test deleted=True
2026-09-16 10:16:28,982 INFO oes database_initialized path=C:\Users\ih6382\Desktop\OESServer\Open-Exam-System-main\data\oes.sqlite3
2026-09-16 10:17:48,051 INFO oes database_initialized path=C:\Users\ih6382\Desktop\OESServer\Open-Exam-System-main\data\oes.sqlite3
2026-09-16 10:17:48,237 INFO oes exam_created exam_id=7c8bf0b0-7bbf-4954-8a99-e182f72d2460 teacher=teacher
2026-09-16 10:17:48,448 INFO oes session_created role=teacher
2026-09-16 10:17:48,450 INFO oes request method=POST path=/login status=303 duration_ms=22.43
2026-09-16 10:17:48,462 INFO oes config_read keys=['check_day_of_birth', 'check_email', 'check_firstname', 'check_info', 'check_secondname', 'release_date', 'version_number']
2026-09-16 10:17:48,467 INFO oes request method=GET path=/teacher/exam-maker status=200 duration_ms=9.66
2026-09-16 10:17:48,477 INFO oes config_read keys=['check_day_of_birth', 'check_email', 'check_firstname', 'check_info', 'check_secondname', 'release_date', 'version_number']
2026-09-16 10:17:48,478 INFO oes request method=POST path=/student/login status=400 duration_ms=3.37
2026-09-16 10:17:48,488 INFO oes config_read keys=['check_day_of_birth', 'check_email', 'check_firstname', 'check_info', 'check_secondname', 'release_date', 'version_number']
2026-09-16 10:17:48,504 INFO oes session_created role=student
2026-09-16 10:17:48,505 INFO oes request method=POST path=/student/login status=303 duration_ms=20.07
2026-09-16 10:17:48,524 INFO oes request method=GET path=/student/exam/7c8bf0b0-7bbf-4954-8a99-e182f72d2460 status=200 duration_ms=12.46
2026-09-16 10:17:48,550 INFO oes request method=POST path=/api/student/exams/7c8bf0b0-7bbf-4954-8a99-e182f72d2460/answers status=200 duration_ms=19.04
2026-09-16 10:17:48,574 INFO oes request method=GET path=/api/teacher/exams/7c8bf0b0-7bbf-4954-8a99-e182f72d2460/monitor status=200 duration_ms=15.93
2026-09-16 10:17:48,583 INFO oes exam_deleted exam_id=7c8bf0b0-7bbf-4954-8a99-e182f72d2460 teacher=teacher deleted=True
2026-09-16 10:19:47,672 INFO oes database_initialized path=C:\Users\ih6382\Desktop\OESServer\Open-Exam-System-main\data\oes.sqlite3
2026-09-16 10:19:47,820 WARNING oes development_default_credentials_enabled change OES_ADMIN_PASSWORD and OES_TEACHER_PASSWORD before deployment
2026-09-16 10:19:52,783 INFO oes request method=GET path=/ status=200 duration_ms=6.37
2026-09-16 10:19:57,250 INFO oes session_created role=admin
2026-09-16 10:19:57,252 INFO oes request method=POST path=/login status=303 duration_ms=68.60
2026-09-16 10:19:57,302 INFO oes config_read keys=['check_day_of_birth', 'check_email', 'check_firstname', 'check_info', 'check_secondname', 'release_date', 'student_allowed_apps', 'student_exam_url', 'student_forbidden_apps', 'student_require_dob', 'student_require_email', 'student_require_name', 'student_sync_interval', 'version_number']
2026-09-16 10:19:57,309 INFO oes request method=GET path=/admin/dashboard status=200 duration_ms=19.93
2026-09-16 10:20:01,290 INFO oes config_read keys=['check_day_of_birth', 'check_email', 'check_firstname', 'check_info', 'check_secondname', 'release_date', 'student_allowed_apps', 'student_exam_url', 'student_forbidden_apps', 'student_require_dob', 'student_require_email', 'student_require_name', 'student_sync_interval', 'version_number']
2026-09-16 10:20:01,436 INFO oes request method=GET path=/admin/network status=200 duration_ms=148.33
2026-09-16 10:20:09,004 INFO oes config_read keys=['check_day_of_birth', 'check_email', 'check_firstname', 'check_info', 'check_secondname', 'release_date', 'student_allowed_apps', 'student_exam_url', 'student_forbidden_apps', 'student_require_dob', 'student_require_email', 'student_require_name', 'student_sync_interval', 'version_number']
2026-09-16 10:20:09,012 INFO oes request method=GET path=/admin/ssh status=200 duration_ms=12.80
2026-09-16 10:20:18,573 INFO oes config_read keys=['check_day_of_birth', 'check_email', 'check_firstname', 'check_info', 'check_secondname', 'release_date', 'student_allowed_apps', 'student_exam_url', 'student_forbidden_apps', 'student_require_dob', 'student_require_email', 'student_require_name', 'student_sync_interval', 'version_number']
2026-09-16 10:20:18,580 INFO oes request method=GET path=/admin/dashboard status=200 duration_ms=11.43
2026-09-16 10:20:21,626 INFO oes config_read keys=['check_day_of_birth', 'check_email', 'check_firstname', 'check_info', 'check_secondname', 'release_date', 'student_allowed_apps', 'student_exam_url', 'student_forbidden_apps', 'student_require_dob', 'student_require_email', 'student_require_name', 'student_sync_interval', 'version_number']
2026-09-16 10:20:21,632 INFO oes request method=GET path=/admin/system status=200 duration_ms=10.31
2026-09-16 10:20:26,190 INFO oes config_read keys=['check_day_of_birth', 'check_email', 'check_firstname', 'check_info', 'check_secondname', 'release_date', 'student_allowed_apps', 'student_exam_url', 'student_forbidden_apps', 'student_require_dob', 'student_require_email', 'student_require_name', 'student_sync_interval', 'version_number']
2026-09-16 10:20:26,193 INFO oes request method=GET path=/admin/dashboard status=200 duration_ms=5.80
2026-09-16 10:20:29,218 INFO oes config_read keys=['check_day_of_birth', 'check_email', 'check_firstname', 'check_info', 'check_secondname', 'release_date', 'student_allowed_apps', 'student_exam_url', 'student_forbidden_apps', 'student_require_dob', 'student_require_email', 'student_require_name', 'student_sync_interval', 'version_number']
2026-09-16 10:20:29,226 INFO oes request method=GET path=/admin/security status=200 duration_ms=11.80
2026-09-16 10:20:38,900 INFO oes config_read keys=['check_day_of_birth', 'check_email', 'check_firstname', 'check_info', 'check_secondname', 'release_date', 'student_allowed_apps', 'student_exam_url', 'student_forbidden_apps', 'student_require_dob', 'student_require_email', 'student_require_name', 'student_sync_interval', 'version_number']
2026-09-16 10:20:38,904 INFO oes request method=GET path=/admin/dashboard status=200 duration_ms=11.19
2026-09-16 10:24:24,509 INFO oes database_initialized path=C:\Users\ih6382\Desktop\OESServer\Open-Exam-System-main\data\oes.sqlite3
2026-09-16 10:24:24,887 INFO oes session_created role=admin
2026-09-16 10:24:24,888 INFO oes request method=POST path=/login status=303 duration_ms=24.46
2026-09-16 10:24:24,899 INFO oes config_read keys=['check_day_of_birth', 'check_email', 'check_firstname', 'check_info', 'check_secondname', 'release_date', 'student_allowed_apps', 'student_exam_url', 'student_forbidden_apps', 'student_require_dob', 'student_require_email', 'student_require_name', 'student_sync_interval', 'version_number']
2026-09-16 10:24:24,902 INFO oes request method=GET path=/admin/system status=200 duration_ms=8.77
2026-09-16 10:24:25,284 INFO oes request method=GET path=/api/admin/server/overview status=200 duration_ms=378.01
2026-09-16 10:24:45,504 INFO oes database_initialized path=C:\Users\ih6382\Desktop\OESServer\Open-Exam-System-main\data\oes.sqlite3
2026-09-16 10:24:45,614 WARNING oes development_default_credentials_enabled change OES_ADMIN_PASSWORD and OES_TEACHER_PASSWORD before deployment
2026-09-16 10:24:50,016 INFO oes request method=GET path=/ status=200 duration_ms=17.49
2026-09-16 10:25:00,205 INFO oes request method=GET path=/ status=200 duration_ms=3.93
2026-09-16 10:25:00,541 INFO oes request method=GET path=/favicon.ico status=404 duration_ms=68.51
2026-09-16 10:25:04,598 INFO oes session_created role=admin
2026-09-16 10:25:04,599 INFO oes request method=POST path=/login status=303 duration_ms=332.02
2026-09-16 10:25:04,611 INFO oes config_read keys=['check_day_of_birth', 'check_email', 'check_firstname', 'check_info', 'check_secondname', 'release_date', 'student_allowed_apps', 'student_exam_url', 'student_forbidden_apps', 'student_require_dob', 'student_require_email', 'student_require_name', 'student_sync_interval', 'version_number']
2026-09-16 10:25:04,616 INFO oes request method=GET path=/admin/dashboard status=200 duration_ms=9.82
2026-09-16 10:25:08,182 INFO oes config_read keys=['check_day_of_birth', 'check_email', 'check_firstname', 'check_info', 'check_secondname', 'release_date', 'student_allowed_apps', 'student_exam_url', 'student_forbidden_apps', 'student_require_dob', 'student_require_email', 'student_require_name', 'student_sync_interval', 'version_number']
2026-09-16 10:25:08,186 INFO oes request method=GET path=/admin/system status=200 duration_ms=5.21
2026-09-16 10:25:08,461 INFO oes request method=GET path=/api/admin/server/overview status=200 duration_ms=217.73
2026-09-16 10:25:30,485 INFO oes config_read keys=['check_day_of_birth', 'check_email', 'check_firstname', 'check_info', 'check_secondname', 'release_date', 'student_allowed_apps', 'student_exam_url', 'student_forbidden_apps', 'student_require_dob', 'student_require_email', 'student_require_name', 'student_sync_interval', 'version_number']
2026-09-16 10:25:30,498 INFO oes request method=GET path=/admin/ssh status=200 duration_ms=16.40
2026-09-16 10:25:35,732 INFO oes config_read keys=['check_day_of_birth', 'check_email', 'check_firstname', 'check_info', 'check_secondname', 'release_date', 'student_allowed_apps', 'student_exam_url', 'student_forbidden_apps', 'student_require_dob', 'student_require_email', 'student_require_name', 'student_sync_interval', 'version_number']
2026-09-16 10:25:35,740 INFO oes request method=GET path=/admin/database status=200 duration_ms=10.31
2026-09-16 10:25:36,505 INFO oes config_read keys=['check_day_of_birth', 'check_email', 'check_firstname', 'check_info', 'check_secondname', 'release_date', 'student_allowed_apps', 'student_exam_url', 'student_forbidden_apps', 'student_require_dob', 'student_require_email', 'student_require_name', 'student_sync_interval', 'version_number']
2026-09-16 10:25:36,522 INFO oes request method=GET path=/admin/cluster status=200 duration_ms=19.02
2026-09-16 10:25:39,690 INFO oes config_read keys=['check_day_of_birth', 'check_email', 'check_firstname', 'check_info', 'check_secondname', 'release_date', 'student_allowed_apps', 'student_exam_url', 'student_forbidden_apps', 'student_require_dob', 'student_require_email', 'student_require_name', 'student_sync_interval', 'version_number']
2026-09-16 10:25:39,693 INFO oes request method=GET path=/admin/database status=200 duration_ms=4.92
2026-09-16 10:25:49,363 INFO oes config_read keys=['check_day_of_birth', 'check_email', 'check_firstname', 'check_info', 'check_secondname', 'release_date', 'student_allowed_apps', 'student_exam_url', 'student_forbidden_apps', 'student_require_dob', 'student_require_email', 'student_require_name', 'student_sync_interval', 'version_number']
2026-09-16 10:25:49,366 INFO oes request method=GET path=/admin/network status=200 duration_ms=5.88
2026-09-16 10:29:49,074 INFO oes database_initialized path=C:\Users\ih6382\Desktop\OESServer\Open-Exam-System-main\data\oes.sqlite3
2026-09-16 10:29:49,349 INFO oes session_created role=admin
2026-09-16 10:29:49,350 INFO oes request method=POST path=/login status=303 duration_ms=22.93
2026-09-16 10:29:49,356 INFO oes config_read keys=['application_name', 'check_day_of_birth', 'check_email', 'check_firstname', 'check_info', 'check_secondname', 'cluster_discovery_cidr', 'cluster_discovery_port', 'cluster_enabled', 'cluster_replication_mode', 'database_backup_dir', 'database_backup_enabled', 'database_backup_interval', 'database_max_size_mb', 'database_url', 'database_wal', 'firewall_backend', 'firewall_enabled', 'https_only', 'log_level', 'log_retention_days', 'network_allowed_cidrs', 'network_public_url', 'release_date', 'server_host', 'server_port', 'session_cookie_secure', 'session_hours', 'ssh_allow_poweroff', 'ssh_connect_timeout', 'ssh_host', 'ssh_key_path', 'ssh_known_hosts', 'ssh_port', 'ssh_user', 'status', 'student_allowed_apps', 'student_exam_url', 'student_forbidden_apps', 'student_require_dob', 'student_require_email', 'student_require_name', 'student_sync_interval', 'version_number']
2026-09-16 10:29:49,359 INFO oes request method=GET path=/api/admin/config status=200 duration_ms=4.33
2026-09-16 10:29:49,368 INFO oes config_read keys=['application_name', 'check_day_of_birth', 'check_email', 'check_firstname', 'check_info', 'check_secondname', 'cluster_discovery_cidr', 'cluster_discovery_port', 'cluster_enabled', 'cluster_replication_mode', 'database_backup_dir', 'database_backup_enabled', 'database_backup_interval', 'database_max_size_mb', 'database_url', 'database_wal', 'firewall_backend', 'firewall_enabled', 'https_only', 'log_level', 'log_retention_days', 'network_allowed_cidrs', 'network_public_url', 'release_date', 'server_host', 'server_port', 'session_cookie_secure', 'session_hours', 'ssh_allow_poweroff', 'ssh_connect_timeout', 'ssh_host', 'ssh_key_path', 'ssh_known_hosts', 'ssh_port', 'ssh_user', 'status', 'student_allowed_apps', 'student_exam_url', 'student_forbidden_apps', 'student_require_dob', 'student_require_email', 'student_require_name', 'student_sync_interval', 'version_number']
2026-09-16 10:29:49,370 INFO oes request method=GET path=/admin/ssh status=200 duration_ms=4.58
2026-09-16 10:29:49,378 INFO oes config_read keys=['application_name', 'check_day_of_birth', 'check_email', 'check_firstname', 'check_info', 'check_secondname', 'cluster_discovery_cidr', 'cluster_discovery_port', 'cluster_enabled', 'cluster_replication_mode', 'database_backup_dir', 'database_backup_enabled', 'database_backup_interval', 'database_max_size_mb', 'database_url', 'database_wal', 'firewall_backend', 'firewall_enabled', 'https_only', 'log_level', 'log_retention_days', 'network_allowed_cidrs', 'network_public_url', 'release_date', 'server_host', 'server_port', 'session_cookie_secure', 'session_hours', 'ssh_allow_poweroff', 'ssh_connect_timeout', 'ssh_host', 'ssh_key_path', 'ssh_known_hosts', 'ssh_port', 'ssh_user', 'status', 'student_allowed_apps', 'student_exam_url', 'student_forbidden_apps', 'student_require_dob', 'student_require_email', 'student_require_name', 'student_sync_interval', 'version_number']
2026-09-16 10:29:49,381 INFO oes request method=GET path=/admin/database status=200 duration_ms=7.40
2026-09-16 10:29:49,387 INFO oes config_read keys=['application_name', 'check_day_of_birth', 'check_email', 'check_firstname', 'check_info', 'check_secondname', 'cluster_discovery_cidr', 'cluster_discovery_port', 'cluster_enabled', 'cluster_replication_mode', 'database_backup_dir', 'database_backup_enabled', 'database_backup_interval', 'database_max_size_mb', 'database_url', 'database_wal', 'firewall_backend', 'firewall_enabled', 'https_only', 'log_level', 'log_retention_days', 'network_allowed_cidrs', 'network_public_url', 'release_date', 'server_host', 'server_port', 'session_cookie_secure', 'session_hours', 'ssh_allow_poweroff', 'ssh_connect_timeout', 'ssh_host', 'ssh_key_path', 'ssh_known_hosts', 'ssh_port', 'ssh_user', 'status', 'student_allowed_apps', 'student_exam_url', 'student_forbidden_apps', 'student_require_dob', 'student_require_email', 'student_require_name', 'student_sync_interval', 'version_number']
2026-09-16 10:29:49,389 INFO oes request method=GET path=/admin/network status=200 duration_ms=3.31
2026-09-16 10:29:49,399 INFO oes config_read keys=['application_name', 'check_day_of_birth', 'check_email', 'check_firstname', 'check_info', 'check_secondname', 'cluster_discovery_cidr', 'cluster_discovery_port', 'cluster_enabled', 'cluster_replication_mode', 'database_backup_dir', 'database_backup_enabled', 'database_backup_interval', 'database_max_size_mb', 'database_url', 'database_wal', 'firewall_backend', 'firewall_enabled', 'https_only', 'log_level', 'log_retention_days', 'network_allowed_cidrs', 'network_public_url', 'release_date', 'server_host', 'server_port', 'session_cookie_secure', 'session_hours', 'ssh_allow_poweroff', 'ssh_connect_timeout', 'ssh_host', 'ssh_key_path', 'ssh_known_hosts', 'ssh_port', 'ssh_user', 'status', 'student_allowed_apps', 'student_exam_url', 'student_forbidden_apps', 'student_require_dob', 'student_require_email', 'student_require_name', 'student_sync_interval', 'version_number']
2026-09-16 10:29:49,400 INFO oes request method=GET path=/admin/security status=200 duration_ms=3.69
2026-09-16 10:29:49,406 INFO oes config_read keys=['application_name', 'check_day_of_birth', 'check_email', 'check_firstname', 'check_info', 'check_secondname', 'cluster_discovery_cidr', 'cluster_discovery_port', 'cluster_enabled', 'cluster_replication_mode', 'database_backup_dir', 'database_backup_enabled', 'database_backup_interval', 'database_max_size_mb', 'database_url', 'database_wal', 'firewall_backend', 'firewall_enabled', 'https_only', 'log_level', 'log_retention_days', 'network_allowed_cidrs', 'network_public_url', 'release_date', 'server_host', 'server_port', 'session_cookie_secure', 'session_hours', 'ssh_allow_poweroff', 'ssh_connect_timeout', 'ssh_host', 'ssh_key_path', 'ssh_known_hosts', 'ssh_port', 'ssh_user', 'status', 'student_allowed_apps', 'student_exam_url', 'student_forbidden_apps', 'student_require_dob', 'student_require_email', 'student_require_name', 'student_sync_interval', 'version_number']
2026-09-16 10:29:49,408 INFO oes request method=GET path=/admin/system status=200 duration_ms=3.34
2026-09-16 10:29:49,417 INFO oes config_read keys=['application_name', 'check_day_of_birth', 'check_email', 'check_firstname', 'check_info', 'check_secondname', 'cluster_discovery_cidr', 'cluster_discovery_port', 'cluster_enabled', 'cluster_replication_mode', 'database_backup_dir', 'database_backup_enabled', 'database_backup_interval', 'database_max_size_mb', 'database_url', 'database_wal', 'firewall_backend', 'firewall_enabled', 'https_only', 'log_level', 'log_retention_days', 'network_allowed_cidrs', 'network_public_url', 'release_date', 'server_host', 'server_port', 'session_cookie_secure', 'session_hours', 'ssh_allow_poweroff', 'ssh_connect_timeout', 'ssh_host', 'ssh_key_path', 'ssh_known_hosts', 'ssh_port', 'ssh_user', 'status', 'student_allowed_apps', 'student_exam_url', 'student_forbidden_apps', 'student_require_dob', 'student_require_email', 'student_require_name', 'student_sync_interval', 'version_number']
2026-09-16 10:29:49,419 INFO oes request method=GET path=/admin/ssh status=200 duration_ms=3.46
2026-09-16 10:29:49,424 WARNING oes config_update_rejected key=ssh_port
2026-09-16 10:29:49,424 INFO oes request method=POST path=/api/admin/config status=400 duration_ms=2.15
2026-09-16 10:29:49,435 INFO oes config_read keys=['application_name', 'check_day_of_birth', 'check_email', 'check_firstname', 'check_info', 'check_secondname', 'cluster_discovery_cidr', 'cluster_discovery_port', 'cluster_enabled', 'cluster_replication_mode', 'database_backup_dir', 'database_backup_enabled', 'database_backup_interval', 'database_max_size_mb', 'database_url', 'database_wal', 'firewall_backend', 'firewall_enabled', 'https_only', 'log_level', 'log_retention_days', 'network_allowed_cidrs', 'network_public_url', 'release_date', 'server_host', 'server_port', 'session_cookie_secure', 'session_hours', 'ssh_allow_poweroff', 'ssh_connect_timeout', 'ssh_host', 'ssh_key_path', 'ssh_known_hosts', 'ssh_port', 'ssh_user', 'status', 'student_allowed_apps', 'student_exam_url', 'student_forbidden_apps', 'student_require_dob', 'student_require_email', 'student_require_name', 'student_sync_interval', 'version_number']
2026-09-16 10:29:49,439 INFO oes config_updated keys=['ssh_port']
2026-09-16 10:29:49,440 INFO oes request method=POST path=/api/admin/config status=303 duration_ms=6.84
2026-09-16 10:30:41,102 INFO oes config_read keys=['application_name', 'check_day_of_birth', 'check_email', 'check_firstname', 'check_info', 'check_secondname', 'cluster_discovery_cidr', 'cluster_discovery_port', 'cluster_enabled', 'cluster_replication_mode', 'database_backup_dir', 'database_backup_enabled', 'database_backup_interval', 'database_max_size_mb', 'database_url', 'database_wal', 'firewall_backend', 'firewall_enabled', 'https_only', 'log_level', 'log_retention_days', 'network_allowed_cidrs', 'network_public_url', 'release_date', 'server_host', 'server_port', 'session_cookie_secure', 'session_hours', 'ssh_allow_poweroff', 'ssh_connect_timeout', 'ssh_host', 'ssh_key_path', 'ssh_known_hosts', 'ssh_port', 'ssh_user', 'status', 'student_allowed_apps', 'student_exam_url', 'student_forbidden_apps', 'student_require_dob', 'student_require_email', 'student_require_name', 'student_sync_interval', 'version_number']
2026-09-16 10:30:41,104 INFO oes config_read keys=['application_name', 'check_day_of_birth', 'check_email', 'check_firstname', 'check_info', 'check_secondname', 'cluster_discovery_cidr', 'cluster_discovery_port', 'cluster_enabled', 'cluster_replication_mode', 'database_backup_dir', 'database_backup_enabled', 'database_backup_interval', 'database_max_size_mb', 'database_url', 'database_wal', 'firewall_backend', 'firewall_enabled', 'https_only', 'log_level', 'log_retention_days', 'network_allowed_cidrs', 'network_public_url', 'release_date', 'server_host', 'server_port', 'session_cookie_secure', 'session_hours', 'ssh_allow_poweroff', 'ssh_connect_timeout', 'ssh_host', 'ssh_key_path', 'ssh_known_hosts', 'ssh_port', 'ssh_user', 'status', 'student_allowed_apps', 'student_exam_url', 'student_forbidden_apps', 'student_require_dob', 'student_require_email', 'student_require_name', 'student_sync_interval', 'version_number']
2026-09-16 10:30:41,108 INFO oes database_initialized path=C:\Users\ih6382\Desktop\OESServer\Open-Exam-System-main\data\oes.sqlite3
2026-09-16 10:30:41,276 INFO oes config_read keys=['application_name', 'check_day_of_birth', 'check_email', 'check_firstname', 'check_info', 'check_secondname', 'cluster_discovery_cidr', 'cluster_discovery_port', 'cluster_enabled', 'cluster_replication_mode', 'database_backup_dir', 'database_backup_enabled', 'database_backup_interval', 'database_max_size_mb', 'database_url', 'database_wal', 'firewall_backend', 'firewall_enabled', 'https_only', 'log_level', 'log_retention_days', 'network_allowed_cidrs', 'network_public_url', 'release_date', 'server_host', 'server_port', 'session_cookie_secure', 'session_hours', 'ssh_allow_poweroff', 'ssh_connect_timeout', 'ssh_host', 'ssh_key_path', 'ssh_known_hosts', 'ssh_port', 'ssh_user', 'status', 'student_allowed_apps', 'student_exam_url', 'student_forbidden_apps', 'student_require_dob', 'student_require_email', 'student_require_name', 'student_sync_interval', 'version_number']
2026-09-16 10:30:41,277 INFO oes config_read keys=['application_name', 'check_day_of_birth', 'check_email', 'check_firstname', 'check_info', 'check_secondname', 'cluster_discovery_cidr', 'cluster_discovery_port', 'cluster_enabled', 'cluster_replication_mode', 'database_backup_dir', 'database_backup_enabled', 'database_backup_interval', 'database_max_size_mb', 'database_url', 'database_wal', 'firewall_backend', 'firewall_enabled', 'https_only', 'log_level', 'log_retention_days', 'network_allowed_cidrs', 'network_public_url', 'release_date', 'server_host', 'server_port', 'session_cookie_secure', 'session_hours', 'ssh_allow_poweroff', 'ssh_connect_timeout', 'ssh_host', 'ssh_key_path', 'ssh_known_hosts', 'ssh_port', 'ssh_user', 'status', 'student_allowed_apps', 'student_exam_url', 'student_forbidden_apps', 'student_require_dob', 'student_require_email', 'student_require_name', 'student_sync_interval', 'version_number']
2026-09-16 10:30:41,281 INFO oes session_created role=admin
2026-09-16 10:30:41,283 INFO oes request method=POST path=/login status=303 duration_ms=9.00
2026-09-16 10:30:41,291 INFO oes config_read keys=['application_name', 'check_day_of_birth', 'check_email', 'check_firstname', 'check_info', 'check_secondname', 'cluster_discovery_cidr', 'cluster_discovery_port', 'cluster_enabled', 'cluster_replication_mode', 'database_backup_dir', 'database_backup_enabled', 'database_backup_interval', 'database_max_size_mb', 'database_url', 'database_wal', 'firewall_backend', 'firewall_enabled', 'https_only', 'log_level', 'log_retention_days', 'network_allowed_cidrs', 'network_public_url', 'release_date', 'server_host', 'server_port', 'session_cookie_secure', 'session_hours', 'ssh_allow_poweroff', 'ssh_connect_timeout', 'ssh_host', 'ssh_key_path', 'ssh_known_hosts', 'ssh_port', 'ssh_user', 'status', 'student_allowed_apps', 'student_exam_url', 'student_forbidden_apps', 'student_require_dob', 'student_require_email', 'student_require_name', 'student_sync_interval', 'version_number']
2026-09-16 10:30:41,292 INFO oes request method=GET path=/api/admin/config status=200 duration_ms=3.48
2026-09-16 10:30:41,302 INFO oes config_read keys=['application_name', 'check_day_of_birth', 'check_email', 'check_firstname', 'check_info', 'check_secondname', 'cluster_discovery_cidr', 'cluster_discovery_port', 'cluster_enabled', 'cluster_replication_mode', 'database_backup_dir', 'database_backup_enabled', 'database_backup_interval', 'database_max_size_mb', 'database_url', 'database_wal', 'firewall_backend', 'firewall_enabled', 'https_only', 'log_level', 'log_retention_days', 'network_allowed_cidrs', 'network_public_url', 'release_date', 'server_host', 'server_port', 'session_cookie_secure', 'session_hours', 'ssh_allow_poweroff', 'ssh_connect_timeout', 'ssh_host', 'ssh_key_path', 'ssh_known_hosts', 'ssh_port', 'ssh_user', 'status', 'student_allowed_apps', 'student_exam_url', 'student_forbidden_apps', 'student_require_dob', 'student_require_email', 'student_require_name', 'student_sync_interval', 'version_number']
2026-09-16 10:30:41,304 INFO oes request method=GET path=/admin/ssh status=200 duration_ms=6.01
2026-09-16 10:30:41,309 INFO oes config_read keys=['application_name', 'check_day_of_birth', 'check_email', 'check_firstname', 'check_info', 'check_secondname', 'cluster_discovery_cidr', 'cluster_discovery_port', 'cluster_enabled', 'cluster_replication_mode', 'database_backup_dir', 'database_backup_enabled', 'database_backup_interval', 'database_max_size_mb', 'database_url', 'database_wal', 'firewall_backend', 'firewall_enabled', 'https_only', 'log_level', 'log_retention_days', 'network_allowed_cidrs', 'network_public_url', 'release_date', 'server_host', 'server_port', 'session_cookie_secure', 'session_hours', 'ssh_allow_poweroff', 'ssh_connect_timeout', 'ssh_host', 'ssh_key_path', 'ssh_known_hosts', 'ssh_port', 'ssh_user', 'status', 'student_allowed_apps', 'student_exam_url', 'student_forbidden_apps', 'student_require_dob', 'student_require_email', 'student_require_name', 'student_sync_interval', 'version_number']
2026-09-16 10:30:41,311 INFO oes request method=GET path=/admin/database status=200 duration_ms=3.19
2026-09-16 10:30:41,320 INFO oes config_read keys=['application_name', 'check_day_of_birth', 'check_email', 'check_firstname', 'check_info', 'check_secondname', 'cluster_discovery_cidr', 'cluster_discovery_port', 'cluster_enabled', 'cluster_replication_mode', 'database_backup_dir', 'database_backup_enabled', 'database_backup_interval', 'database_max_size_mb', 'database_url', 'database_wal', 'firewall_backend', 'firewall_enabled', 'https_only', 'log_level', 'log_retention_days', 'network_allowed_cidrs', 'network_public_url', 'release_date', 'server_host', 'server_port', 'session_cookie_secure', 'session_hours', 'ssh_allow_poweroff', 'ssh_connect_timeout', 'ssh_host', 'ssh_key_path', 'ssh_known_hosts', 'ssh_port', 'ssh_user', 'status', 'student_allowed_apps', 'student_exam_url', 'student_forbidden_apps', 'student_require_dob', 'student_require_email', 'student_require_name', 'student_sync_interval', 'version_number']
2026-09-16 10:30:41,322 INFO oes request method=GET path=/admin/network status=200 duration_ms=4.00
2026-09-16 10:30:41,327 INFO oes config_read keys=['application_name', 'check_day_of_birth', 'check_email', 'check_firstname', 'check_info', 'check_secondname', 'cluster_discovery_cidr', 'cluster_discovery_port', 'cluster_enabled', 'cluster_replication_mode', 'database_backup_dir', 'database_backup_enabled', 'database_backup_interval', 'database_max_size_mb', 'database_url', 'database_wal', 'firewall_backend', 'firewall_enabled', 'https_only', 'log_level', 'log_retention_days', 'network_allowed_cidrs', 'network_public_url', 'release_date', 'server_host', 'server_port', 'session_cookie_secure', 'session_hours', 'ssh_allow_poweroff', 'ssh_connect_timeout', 'ssh_host', 'ssh_key_path', 'ssh_known_hosts', 'ssh_port', 'ssh_user', 'status', 'student_allowed_apps', 'student_exam_url', 'student_forbidden_apps', 'student_require_dob', 'student_require_email', 'student_require_name', 'student_sync_interval', 'version_number']
2026-09-16 10:30:41,331 INFO oes request method=GET path=/admin/security status=200 duration_ms=4.82
2026-09-16 10:30:41,338 INFO oes config_read keys=['application_name', 'check_day_of_birth', 'check_email', 'check_firstname', 'check_info', 'check_secondname', 'cluster_discovery_cidr', 'cluster_discovery_port', 'cluster_enabled', 'cluster_replication_mode', 'database_backup_dir', 'database_backup_enabled', 'database_backup_interval', 'database_max_size_mb', 'database_url', 'database_wal', 'firewall_backend', 'firewall_enabled', 'https_only', 'log_level', 'log_retention_days', 'network_allowed_cidrs', 'network_public_url', 'release_date', 'server_host', 'server_port', 'session_cookie_secure', 'session_hours', 'ssh_allow_poweroff', 'ssh_connect_timeout', 'ssh_host', 'ssh_key_path', 'ssh_known_hosts', 'ssh_port', 'ssh_user', 'status', 'student_allowed_apps', 'student_exam_url', 'student_forbidden_apps', 'student_require_dob', 'student_require_email', 'student_require_name', 'student_sync_interval', 'version_number']
2026-09-16 10:30:41,340 INFO oes request method=GET path=/admin/system status=200 duration_ms=3.52
2026-09-16 10:30:41,345 INFO oes config_read keys=['application_name', 'check_day_of_birth', 'check_email', 'check_firstname', 'check_info', 'check_secondname', 'cluster_discovery_cidr', 'cluster_discovery_port', 'cluster_enabled', 'cluster_replication_mode', 'database_backup_dir', 'database_backup_enabled', 'database_backup_interval', 'database_max_size_mb', 'database_url', 'database_wal', 'firewall_backend', 'firewall_enabled', 'https_only', 'log_level', 'log_retention_days', 'network_allowed_cidrs', 'network_public_url', 'release_date', 'server_host', 'server_port', 'session_cookie_secure', 'session_hours', 'ssh_allow_poweroff', 'ssh_connect_timeout', 'ssh_host', 'ssh_key_path', 'ssh_known_hosts', 'ssh_port', 'ssh_user', 'status', 'student_allowed_apps', 'student_exam_url', 'student_forbidden_apps', 'student_require_dob', 'student_require_email', 'student_require_name', 'student_sync_interval', 'version_number']
2026-09-16 10:30:41,350 INFO oes request method=GET path=/admin/security status=200 duration_ms=6.72
2026-09-16 10:30:41,356 WARNING oes config_update_rejected key=session_hours
2026-09-16 10:30:41,357 INFO oes request method=POST path=/api/admin/config status=400 duration_ms=2.30
2026-09-16 10:30:41,366 INFO oes config_read keys=['application_name', 'check_day_of_birth', 'check_email', 'check_firstname', 'check_info', 'check_secondname', 'cluster_discovery_cidr', 'cluster_discovery_port', 'cluster_enabled', 'cluster_replication_mode', 'database_backup_dir', 'database_backup_enabled', 'database_backup_interval', 'database_max_size_mb', 'database_url', 'database_wal', 'firewall_backend', 'firewall_enabled', 'https_only', 'log_level', 'log_retention_days', 'network_allowed_cidrs', 'network_public_url', 'release_date', 'server_host', 'server_port', 'session_cookie_secure', 'session_hours', 'ssh_allow_poweroff', 'ssh_connect_timeout', 'ssh_host', 'ssh_key_path', 'ssh_known_hosts', 'ssh_port', 'ssh_user', 'status', 'student_allowed_apps', 'student_exam_url', 'student_forbidden_apps', 'student_require_dob', 'student_require_email', 'student_require_name', 'student_sync_interval', 'version_number']
2026-09-16 10:30:41,370 INFO oes config_updated keys=['session_hours']
2026-09-16 10:30:41,371 INFO oes request method=POST path=/api/admin/config status=303 duration_ms=8.98
2026-09-16 10:30:41,374 INFO oes config_read keys=['application_name', 'check_day_of_birth', 'check_email', 'check_firstname', 'check_info', 'check_secondname', 'cluster_discovery_cidr', 'cluster_discovery_port', 'cluster_enabled', 'cluster_replication_mode', 'database_backup_dir', 'database_backup_enabled', 'database_backup_interval', 'database_max_size_mb', 'database_url', 'database_wal', 'firewall_backend', 'firewall_enabled', 'https_only', 'log_level', 'log_retention_days', 'network_allowed_cidrs', 'network_public_url', 'release_date', 'server_host', 'server_port', 'session_cookie_secure', 'session_hours', 'ssh_allow_poweroff', 'ssh_connect_timeout', 'ssh_host', 'ssh_key_path', 'ssh_known_hosts', 'ssh_port', 'ssh_user', 'status', 'student_allowed_apps', 'student_exam_url', 'student_forbidden_apps', 'student_require_dob', 'student_require_email', 'student_require_name', 'student_sync_interval', 'version_number']
2026-09-16 10:30:41,375 INFO oes session_created role=admin
2026-09-16 10:30:41,376 INFO oes config_read keys=['application_name', 'check_day_of_birth', 'check_email', 'check_firstname', 'check_info', 'check_secondname', 'cluster_discovery_cidr', 'cluster_discovery_port', 'cluster_enabled', 'cluster_replication_mode', 'database_backup_dir', 'database_backup_enabled', 'database_backup_interval', 'database_max_size_mb', 'database_url', 'database_wal', 'firewall_backend', 'firewall_enabled', 'https_only', 'log_level', 'log_retention_days', 'network_allowed_cidrs', 'network_public_url', 'release_date', 'server_host', 'server_port', 'session_cookie_secure', 'session_hours', 'ssh_allow_poweroff', 'ssh_connect_timeout', 'ssh_host', 'ssh_key_path', 'ssh_known_hosts', 'ssh_port', 'ssh_user', 'status', 'student_allowed_apps', 'student_exam_url', 'student_forbidden_apps', 'student_require_dob', 'student_require_email', 'student_require_name', 'student_sync_interval', 'version_number']
2026-09-16 10:30:41,377 INFO oes config_read keys=['application_name', 'check_day_of_birth', 'check_email', 'check_firstname', 'check_info', 'check_secondname', 'cluster_discovery_cidr', 'cluster_discovery_port', 'cluster_enabled', 'cluster_replication_mode', 'database_backup_dir', 'database_backup_enabled', 'database_backup_interval', 'database_max_size_mb', 'database_url', 'database_wal', 'firewall_backend', 'firewall_enabled', 'https_only', 'log_level', 'log_retention_days', 'network_allowed_cidrs', 'network_public_url', 'release_date', 'server_host', 'server_port', 'session_cookie_secure', 'session_hours', 'ssh_allow_poweroff', 'ssh_connect_timeout', 'ssh_host', 'ssh_key_path', 'ssh_known_hosts', 'ssh_port', 'ssh_user', 'status', 'student_allowed_apps', 'student_exam_url', 'student_forbidden_apps', 'student_require_dob', 'student_require_email', 'student_require_name', 'student_sync_interval', 'version_number']
2026-09-16 10:30:41,389 INFO oes exam_created exam_id=8d63cffd-890c-4f26-b1f9-076bdbf94d21 teacher=teacher
2026-09-16 10:30:41,390 INFO oes config_read keys=['application_name', 'check_day_of_birth', 'check_email', 'check_firstname', 'check_info', 'check_secondname', 'cluster_discovery_cidr', 'cluster_discovery_port', 'cluster_enabled', 'cluster_replication_mode', 'database_backup_dir', 'database_backup_enabled', 'database_backup_interval', 'database_max_size_mb', 'database_url', 'database_wal', 'firewall_backend', 'firewall_enabled', 'https_only', 'log_level', 'log_retention_days', 'network_allowed_cidrs', 'network_public_url', 'release_date', 'server_host', 'server_port', 'session_cookie_secure', 'session_hours', 'ssh_allow_poweroff', 'ssh_connect_timeout', 'ssh_host', 'ssh_key_path', 'ssh_known_hosts', 'ssh_port', 'ssh_user', 'status', 'student_allowed_apps', 'student_exam_url', 'student_forbidden_apps', 'student_require_dob', 'student_require_email', 'student_require_name', 'student_sync_interval', 'version_number']
2026-09-16 10:30:41,391 INFO oes config_read keys=['application_name', 'check_day_of_birth', 'check_email', 'check_firstname', 'check_info', 'check_secondname', 'cluster_discovery_cidr', 'cluster_discovery_port', 'cluster_enabled', 'cluster_replication_mode', 'database_backup_dir', 'database_backup_enabled', 'database_backup_interval', 'database_max_size_mb', 'database_url', 'database_wal', 'firewall_backend', 'firewall_enabled', 'https_only', 'log_level', 'log_retention_days', 'network_allowed_cidrs', 'network_public_url', 'release_date', 'server_host', 'server_port', 'session_cookie_secure', 'session_hours', 'ssh_allow_poweroff', 'ssh_connect_timeout', 'ssh_host', 'ssh_key_path', 'ssh_known_hosts', 'ssh_port', 'ssh_user', 'status', 'student_allowed_apps', 'student_exam_url', 'student_forbidden_apps', 'student_require_dob', 'student_require_email', 'student_require_name', 'student_sync_interval', 'version_number']
2026-09-16 10:30:41,401 INFO oes exam_deleted exam_id=8d63cffd-890c-4f26-b1f9-076bdbf94d21 teacher=teacher deleted=True
2026-09-16 10:31:15,577 INFO oes config_read keys=['application_name', 'check_day_of_birth', 'check_email', 'check_firstname', 'check_info', 'check_secondname', 'cluster_discovery_cidr', 'cluster_discovery_port', 'cluster_enabled', 'cluster_replication_mode', 'database_backup_dir', 'database_backup_enabled', 'database_backup_interval', 'database_max_size_mb', 'database_url', 'database_wal', 'firewall_backend', 'firewall_enabled', 'https_only', 'log_level', 'log_retention_days', 'network_allowed_cidrs', 'network_public_url', 'release_date', 'server_host', 'server_port', 'session_cookie_secure', 'session_hours', 'ssh_allow_poweroff', 'ssh_connect_timeout', 'ssh_host', 'ssh_key_path', 'ssh_known_hosts', 'ssh_port', 'ssh_user', 'status', 'student_allowed_apps', 'student_exam_url', 'student_forbidden_apps', 'student_require_dob', 'student_require_email', 'student_require_name', 'student_sync_interval', 'version_number']
2026-09-16 10:31:15,582 INFO oes config_read keys=['application_name', 'check_day_of_birth', 'check_email', 'check_firstname', 'check_info', 'check_secondname', 'cluster_discovery_cidr', 'cluster_discovery_port', 'cluster_enabled', 'cluster_replication_mode', 'database_backup_dir', 'database_backup_enabled', 'database_backup_interval', 'database_max_size_mb', 'database_url', 'database_wal', 'firewall_backend', 'firewall_enabled', 'https_only', 'log_level', 'log_retention_days', 'network_allowed_cidrs', 'network_public_url', 'release_date', 'server_host', 'server_port', 'session_cookie_secure', 'session_hours', 'ssh_allow_poweroff', 'ssh_connect_timeout', 'ssh_host', 'ssh_key_path', 'ssh_known_hosts', 'ssh_port', 'ssh_user', 'status', 'student_allowed_apps', 'student_exam_url', 'student_forbidden_apps', 'student_require_dob', 'student_require_email', 'student_require_name', 'student_sync_interval', 'version_number']
2026-09-16 10:31:15,593 INFO oes database_initialized path=C:\Users\ih6382\Desktop\OESServer\Open-Exam-System-main\data\oes.sqlite3
2026-09-16 10:31:15,738 WARNING oes development_default_credentials_enabled change OES_ADMIN_PASSWORD and OES_TEACHER_PASSWORD before deployment
2026-09-16 10:31:29,620 INFO oes config_read keys=['application_name', 'check_day_of_birth', 'check_email', 'check_firstname', 'check_info', 'check_secondname', 'cluster_discovery_cidr', 'cluster_discovery_port', 'cluster_enabled', 'cluster_replication_mode', 'database_backup_dir', 'database_backup_enabled', 'database_backup_interval', 'database_max_size_mb', 'database_url', 'database_wal', 'firewall_backend', 'firewall_enabled', 'https_only', 'log_level', 'log_retention_days', 'network_allowed_cidrs', 'network_public_url', 'release_date', 'server_host', 'server_port', 'session_cookie_secure', 'session_hours', 'ssh_allow_poweroff', 'ssh_connect_timeout', 'ssh_host', 'ssh_key_path', 'ssh_known_hosts', 'ssh_port', 'ssh_user', 'status', 'student_allowed_apps', 'student_exam_url', 'student_forbidden_apps', 'student_require_dob', 'student_require_email', 'student_require_name', 'student_sync_interval', 'version_number']
2026-09-16 10:31:29,624 INFO oes request method=GET path=/admin/network status=200 duration_ms=61.99
2026-09-16 10:31:30,954 INFO oes config_read keys=['application_name', 'check_day_of_birth', 'check_email', 'check_firstname', 'check_info', 'check_secondname', 'cluster_discovery_cidr', 'cluster_discovery_port', 'cluster_enabled', 'cluster_replication_mode', 'database_backup_dir', 'database_backup_enabled', 'database_backup_interval', 'database_max_size_mb', 'database_url', 'database_wal', 'firewall_backend', 'firewall_enabled', 'https_only', 'log_level', 'log_retention_days', 'network_allowed_cidrs', 'network_public_url', 'release_date', 'server_host', 'server_port', 'session_cookie_secure', 'session_hours', 'ssh_allow_poweroff', 'ssh_connect_timeout', 'ssh_host', 'ssh_key_path', 'ssh_known_hosts', 'ssh_port', 'ssh_user', 'status', 'student_allowed_apps', 'student_exam_url', 'student_forbidden_apps', 'student_require_dob', 'student_require_email', 'student_require_name', 'student_sync_interval', 'version_number']
2026-09-16 10:31:30,956 INFO oes request method=GET path=/admin/network status=200 duration_ms=4.59
2026-09-16 10:31:41,760 INFO oes request method=GET path=/ status=200 duration_ms=4.89
2026-09-16 10:31:46,905 INFO oes config_read keys=['application_name', 'check_day_of_birth', 'check_email', 'check_firstname', 'check_info', 'check_secondname', 'cluster_discovery_cidr', 'cluster_discovery_port', 'cluster_enabled', 'cluster_replication_mode', 'database_backup_dir', 'database_backup_enabled', 'database_backup_interval', 'database_max_size_mb', 'database_url', 'database_wal', 'firewall_backend', 'firewall_enabled', 'https_only', 'log_level', 'log_retention_days', 'network_allowed_cidrs', 'network_public_url', 'release_date', 'server_host', 'server_port', 'session_cookie_secure', 'session_hours', 'ssh_allow_poweroff', 'ssh_connect_timeout', 'ssh_host', 'ssh_key_path', 'ssh_known_hosts', 'ssh_port', 'ssh_user', 'status', 'student_allowed_apps', 'student_exam_url', 'student_forbidden_apps', 'student_require_dob', 'student_require_email', 'student_require_name', 'student_sync_interval', 'version_number']
2026-09-16 10:31:46,906 INFO oes config_read keys=['application_name', 'check_day_of_birth', 'check_email', 'check_firstname', 'check_info', 'check_secondname', 'cluster_discovery_cidr', 'cluster_discovery_port', 'cluster_enabled', 'cluster_replication_mode', 'database_backup_dir', 'database_backup_enabled', 'database_backup_interval', 'database_max_size_mb', 'database_url', 'database_wal', 'firewall_backend', 'firewall_enabled', 'https_only', 'log_level', 'log_retention_days', 'network_allowed_cidrs', 'network_public_url', 'release_date', 'server_host', 'server_port', 'session_cookie_secure', 'session_hours', 'ssh_allow_poweroff', 'ssh_connect_timeout', 'ssh_host', 'ssh_key_path', 'ssh_known_hosts', 'ssh_port', 'ssh_user', 'status', 'student_allowed_apps', 'student_exam_url', 'student_forbidden_apps', 'student_require_dob', 'student_require_email', 'student_require_name', 'student_sync_interval', 'version_number']
2026-09-16 10:31:46,909 INFO oes session_created role=admin
2026-09-16 10:31:46,910 INFO oes request method=POST path=/login status=303 duration_ms=11.05
2026-09-16 10:31:46,919 INFO oes config_read keys=['application_name', 'check_day_of_birth', 'check_email', 'check_firstname', 'check_info', 'check_secondname', 'cluster_discovery_cidr', 'cluster_discovery_port', 'cluster_enabled', 'cluster_replication_mode', 'database_backup_dir', 'database_backup_enabled', 'database_backup_interval', 'database_max_size_mb', 'database_url', 'database_wal', 'firewall_backend', 'firewall_enabled', 'https_only', 'log_level', 'log_retention_days', 'network_allowed_cidrs', 'network_public_url', 'release_date', 'server_host', 'server_port', 'session_cookie_secure', 'session_hours', 'ssh_allow_poweroff', 'ssh_connect_timeout', 'ssh_host', 'ssh_key_path', 'ssh_known_hosts', 'ssh_port', 'ssh_user', 'status', 'student_allowed_apps', 'student_exam_url', 'student_forbidden_apps', 'student_require_dob', 'student_require_email', 'student_require_name', 'student_sync_interval', 'version_number']
2026-09-16 10:31:46,922 INFO oes request method=GET path=/admin/dashboard status=200 duration_ms=4.41
2026-09-16 10:31:49,680 INFO oes config_read keys=['application_name', 'check_day_of_birth', 'check_email', 'check_firstname', 'check_info', 'check_secondname', 'cluster_discovery_cidr', 'cluster_discovery_port', 'cluster_enabled', 'cluster_replication_mode', 'database_backup_dir', 'database_backup_enabled', 'database_backup_interval', 'database_max_size_mb', 'database_url', 'database_wal', 'firewall_backend', 'firewall_enabled', 'https_only', 'log_level', 'log_retention_days', 'network_allowed_cidrs', 'network_public_url', 'release_date', 'server_host', 'server_port', 'session_cookie_secure', 'session_hours', 'ssh_allow_poweroff', 'ssh_connect_timeout', 'ssh_host', 'ssh_key_path', 'ssh_known_hosts', 'ssh_port', 'ssh_user', 'status', 'student_allowed_apps', 'student_exam_url', 'student_forbidden_apps', 'student_require_dob', 'student_require_email', 'student_require_name', 'student_sync_interval', 'version_number']
2026-09-16 10:31:49,683 INFO oes request method=GET path=/admin/network status=200 duration_ms=6.18
2026-09-16 10:31:52,164 INFO oes config_read keys=['application_name', 'check_day_of_birth', 'check_email', 'check_firstname', 'check_info', 'check_secondname', 'cluster_discovery_cidr', 'cluster_discovery_port', 'cluster_enabled', 'cluster_replication_mode', 'database_backup_dir', 'database_backup_enabled', 'database_backup_interval', 'database_max_size_mb', 'database_url', 'database_wal', 'firewall_backend', 'firewall_enabled', 'https_only', 'log_level', 'log_retention_days', 'network_allowed_cidrs', 'network_public_url', 'release_date', 'server_host', 'server_port', 'session_cookie_secure', 'session_hours', 'ssh_allow_poweroff', 'ssh_connect_timeout', 'ssh_host', 'ssh_key_path', 'ssh_known_hosts', 'ssh_port', 'ssh_user', 'status', 'student_allowed_apps', 'student_exam_url', 'student_forbidden_apps', 'student_require_dob', 'student_require_email', 'student_require_name', 'student_sync_interval', 'version_number']
2026-09-16 10:31:52,166 INFO oes request method=GET path=/admin/security status=200 duration_ms=5.12
2026-09-16 10:31:52,533 INFO oes config_read keys=['application_name', 'check_day_of_birth', 'check_email', 'check_firstname', 'check_info', 'check_secondname', 'cluster_discovery_cidr', 'cluster_discovery_port', 'cluster_enabled', 'cluster_replication_mode', 'database_backup_dir', 'database_backup_enabled', 'database_backup_interval', 'database_max_size_mb', 'database_url', 'database_wal', 'firewall_backend', 'firewall_enabled', 'https_only', 'log_level', 'log_retention_days', 'network_allowed_cidrs', 'network_public_url', 'release_date', 'server_host', 'server_port', 'session_cookie_secure', 'session_hours', 'ssh_allow_poweroff', 'ssh_connect_timeout', 'ssh_host', 'ssh_key_path', 'ssh_known_hosts', 'ssh_port', 'ssh_user', 'status', 'student_allowed_apps', 'student_exam_url', 'student_forbidden_apps', 'student_require_dob', 'student_require_email', 'student_require_name', 'student_sync_interval', 'version_number']
2026-09-16 10:31:52,538 INFO oes request method=GET path=/api/admin/config status=200 duration_ms=30.65
2026-09-16 10:31:59,650 INFO oes config_read keys=['application_name', 'check_day_of_birth', 'check_email', 'check_firstname', 'check_info', 'check_secondname', 'cluster_discovery_cidr', 'cluster_discovery_port', 'cluster_enabled', 'cluster_replication_mode', 'database_backup_dir', 'database_backup_enabled', 'database_backup_interval', 'database_max_size_mb', 'database_url', 'database_wal', 'firewall_backend', 'firewall_enabled', 'https_only', 'log_level', 'log_retention_days', 'network_allowed_cidrs', 'network_public_url', 'release_date', 'server_host', 'server_port', 'session_cookie_secure', 'session_hours', 'ssh_allow_poweroff', 'ssh_connect_timeout', 'ssh_host', 'ssh_key_path', 'ssh_known_hosts', 'ssh_port', 'ssh_user', 'status', 'student_allowed_apps', 'student_exam_url', 'student_forbidden_apps', 'student_require_dob', 'student_require_email', 'student_require_name', 'student_sync_interval', 'version_number']
2026-09-16 10:31:59,660 INFO oes request method=GET path=/admin/cluster status=200 duration_ms=13.18
2026-09-16 10:32:03,899 INFO oes config_read keys=['application_name', 'check_day_of_birth', 'check_email', 'check_firstname', 'check_info', 'check_secondname', 'cluster_discovery_cidr', 'cluster_discovery_port', 'cluster_enabled', 'cluster_replication_mode', 'database_backup_dir', 'database_backup_enabled', 'database_backup_interval', 'database_max_size_mb', 'database_url', 'database_wal', 'firewall_backend', 'firewall_enabled', 'https_only', 'log_level', 'log_retention_days', 'network_allowed_cidrs', 'network_public_url', 'release_date', 'server_host', 'server_port', 'session_cookie_secure', 'session_hours', 'ssh_allow_poweroff', 'ssh_connect_timeout', 'ssh_host', 'ssh_key_path', 'ssh_known_hosts', 'ssh_port', 'ssh_user', 'status', 'student_allowed_apps', 'student_exam_url', 'student_forbidden_apps', 'student_require_dob', 'student_require_email', 'student_require_name', 'student_sync_interval', 'version_number']
2026-09-16 10:32:03,901 INFO oes request method=GET path=/admin/ssh status=200 duration_ms=5.14
2026-09-16 10:32:03,923 INFO oes config_read keys=['application_name', 'check_day_of_birth', 'check_email', 'check_firstname', 'check_info', 'check_secondname', 'cluster_discovery_cidr', 'cluster_discovery_port', 'cluster_enabled', 'cluster_replication_mode', 'database_backup_dir', 'database_backup_enabled', 'database_backup_interval', 'database_max_size_mb', 'database_url', 'database_wal', 'firewall_backend', 'firewall_enabled', 'https_only', 'log_level', 'log_retention_days', 'network_allowed_cidrs', 'network_public_url', 'release_date', 'server_host', 'server_port', 'session_cookie_secure', 'session_hours', 'ssh_allow_poweroff', 'ssh_connect_timeout', 'ssh_host', 'ssh_key_path', 'ssh_known_hosts', 'ssh_port', 'ssh_user', 'status', 'student_allowed_apps', 'student_exam_url', 'student_forbidden_apps', 'student_require_dob', 'student_require_email', 'student_require_name', 'student_sync_interval', 'version_number']
2026-09-16 10:32:03,927 INFO oes request method=GET path=/api/admin/config status=200 duration_ms=7.38
2026-09-16 10:32:08,668 INFO oes config_read keys=['application_name', 'check_day_of_birth', 'check_email', 'check_firstname', 'check_info', 'check_secondname', 'cluster_discovery_cidr', 'cluster_discovery_port', 'cluster_enabled', 'cluster_replication_mode', 'database_backup_dir', 'database_backup_enabled', 'database_backup_interval', 'database_max_size_mb', 'database_url', 'database_wal', 'firewall_backend', 'firewall_enabled', 'https_only', 'log_level', 'log_retention_days', 'network_allowed_cidrs', 'network_public_url', 'release_date', 'server_host', 'server_port', 'session_cookie_secure', 'session_hours', 'ssh_allow_poweroff', 'ssh_connect_timeout', 'ssh_host', 'ssh_key_path', 'ssh_known_hosts', 'ssh_port', 'ssh_user', 'status', 'student_allowed_apps', 'student_exam_url', 'student_forbidden_apps', 'student_require_dob', 'student_require_email', 'student_require_name', 'student_sync_interval', 'version_number']
2026-09-16 10:32:08,671 INFO oes request method=GET path=/admin/dashboard status=200 duration_ms=5.71
2026-09-16 10:32:10,409 INFO oes config_read keys=['application_name', 'check_day_of_birth', 'check_email', 'check_firstname', 'check_info', 'check_secondname', 'cluster_discovery_cidr', 'cluster_discovery_port', 'cluster_enabled', 'cluster_replication_mode', 'database_backup_dir', 'database_backup_enabled', 'database_backup_interval', 'database_max_size_mb', 'database_url', 'database_wal', 'firewall_backend', 'firewall_enabled', 'https_only', 'log_level', 'log_retention_days', 'network_allowed_cidrs', 'network_public_url', 'release_date', 'server_host', 'server_port', 'session_cookie_secure', 'session_hours', 'ssh_allow_poweroff', 'ssh_connect_timeout', 'ssh_host', 'ssh_key_path', 'ssh_known_hosts', 'ssh_port', 'ssh_user', 'status', 'student_allowed_apps', 'student_exam_url', 'student_forbidden_apps', 'student_require_dob', 'student_require_email', 'student_require_name', 'student_sync_interval', 'version_number']
2026-09-16 10:32:10,413 INFO oes request method=GET path=/admin/server-status status=200 duration_ms=5.70
2026-09-16 10:32:14,975 INFO oes config_read keys=['application_name', 'check_day_of_birth', 'check_email', 'check_firstname', 'check_info', 'check_secondname', 'cluster_discovery_cidr', 'cluster_discovery_port', 'cluster_enabled', 'cluster_replication_mode', 'database_backup_dir', 'database_backup_enabled', 'database_backup_interval', 'database_max_size_mb', 'database_url', 'database_wal', 'firewall_backend', 'firewall_enabled', 'https_only', 'log_level', 'log_retention_days', 'network_allowed_cidrs', 'network_public_url', 'release_date', 'server_host', 'server_port', 'session_cookie_secure', 'session_hours', 'ssh_allow_poweroff', 'ssh_connect_timeout', 'ssh_host', 'ssh_key_path', 'ssh_known_hosts', 'ssh_port', 'ssh_user', 'status', 'student_allowed_apps', 'student_exam_url', 'student_forbidden_apps', 'student_require_dob', 'student_require_email', 'student_require_name', 'student_sync_interval', 'version_number']
2026-09-16 10:32:14,980 INFO oes request method=GET path=/admin/logs status=200 duration_ms=7.84
2026-09-16 10:32:16,434 INFO oes config_read keys=['application_name', 'check_day_of_birth', 'check_email', 'check_firstname', 'check_info', 'check_secondname', 'cluster_discovery_cidr', 'cluster_discovery_port', 'cluster_enabled', 'cluster_replication_mode', 'database_backup_dir', 'database_backup_enabled', 'database_backup_interval', 'database_max_size_mb', 'database_url', 'database_wal', 'firewall_backend', 'firewall_enabled', 'https_only', 'log_level', 'log_retention_days', 'network_allowed_cidrs', 'network_public_url', 'release_date', 'server_host', 'server_port', 'session_cookie_secure', 'session_hours', 'ssh_allow_poweroff', 'ssh_connect_timeout', 'ssh_host', 'ssh_key_path', 'ssh_known_hosts', 'ssh_port', 'ssh_user', 'status', 'student_allowed_apps', 'student_exam_url', 'student_forbidden_apps', 'student_require_dob', 'student_require_email', 'student_require_name', 'student_sync_interval', 'version_number']
2026-09-16 10:32:16,438 INFO oes request method=GET path=/admin/dashboard status=200 duration_ms=7.10
2026-09-16 10:32:21,075 INFO oes config_read keys=['application_name', 'check_day_of_birth', 'check_email', 'check_firstname', 'check_info', 'check_secondname', 'cluster_discovery_cidr', 'cluster_discovery_port', 'cluster_enabled', 'cluster_replication_mode', 'database_backup_dir', 'database_backup_enabled', 'database_backup_interval', 'database_max_size_mb', 'database_url', 'database_wal', 'firewall_backend', 'firewall_enabled', 'https_only', 'log_level', 'log_retention_days', 'network_allowed_cidrs', 'network_public_url', 'release_date', 'server_host', 'server_port', 'session_cookie_secure', 'session_hours', 'ssh_allow_poweroff', 'ssh_connect_timeout', 'ssh_host', 'ssh_key_path', 'ssh_known_hosts', 'ssh_port', 'ssh_user', 'status', 'student_allowed_apps', 'student_exam_url', 'student_forbidden_apps', 'student_require_dob', 'student_require_email', 'student_require_name', 'student_sync_interval', 'version_number']
2026-09-16 10:32:21,079 INFO oes request method=GET path=/admin/users status=200 duration_ms=6.84
2026-09-16 10:32:26,912 INFO oes config_read keys=['application_name', 'check_day_of_birth', 'check_email', 'check_firstname', 'check_info', 'check_secondname', 'cluster_discovery_cidr', 'cluster_discovery_port', 'cluster_enabled', 'cluster_replication_mode', 'database_backup_dir', 'database_backup_enabled', 'database_backup_interval', 'database_max_size_mb', 'database_url', 'database_wal', 'firewall_backend', 'firewall_enabled', 'https_only', 'log_level', 'log_retention_days', 'network_allowed_cidrs', 'network_public_url', 'release_date', 'server_host', 'server_port', 'session_cookie_secure', 'session_hours', 'ssh_allow_poweroff', 'ssh_connect_timeout', 'ssh_host', 'ssh_key_path', 'ssh_known_hosts', 'ssh_port', 'ssh_user', 'status', 'student_allowed_apps', 'student_exam_url', 'student_forbidden_apps', 'student_require_dob', 'student_require_email', 'student_require_name', 'student_sync_interval', 'version_number']
2026-09-16 10:32:26,916 INFO oes request method=GET path=/admin/dashboard status=200 duration_ms=5.99
2026-09-16 10:33:10,762 INFO oes config_read keys=['application_name', 'check_day_of_birth', 'check_email', 'check_firstname', 'check_info', 'check_secondname', 'cluster_discovery_cidr', 'cluster_discovery_port', 'cluster_enabled', 'cluster_replication_mode', 'database_backup_dir', 'database_backup_enabled', 'database_backup_interval', 'database_max_size_mb', 'database_url', 'database_wal', 'firewall_backend', 'firewall_enabled', 'https_only', 'log_level', 'log_retention_days', 'network_allowed_cidrs', 'network_public_url', 'release_date', 'server_host', 'server_port', 'session_cookie_secure', 'session_hours', 'ssh_allow_poweroff', 'ssh_connect_timeout', 'ssh_host', 'ssh_key_path', 'ssh_known_hosts', 'ssh_port', 'ssh_user', 'status', 'student_allowed_apps', 'student_exam_url', 'student_forbidden_apps', 'student_require_dob', 'student_require_email', 'student_require_name', 'student_sync_interval', 'version_number']
2026-09-16 10:33:10,765 INFO oes config_read keys=['application_name', 'check_day_of_birth', 'check_email', 'check_firstname', 'check_info', 'check_secondname', 'cluster_discovery_cidr', 'cluster_discovery_port', 'cluster_enabled', 'cluster_replication_mode', 'database_backup_dir', 'database_backup_enabled', 'database_backup_interval', 'database_max_size_mb', 'database_url', 'database_wal', 'firewall_backend', 'firewall_enabled', 'https_only', 'log_level', 'log_retention_days', 'network_allowed_cidrs', 'network_public_url', 'release_date', 'server_host', 'server_port', 'session_cookie_secure', 'session_hours', 'ssh_allow_poweroff', 'ssh_connect_timeout', 'ssh_host', 'ssh_key_path', 'ssh_known_hosts', 'ssh_port', 'ssh_user', 'status', 'student_allowed_apps', 'student_exam_url', 'student_forbidden_apps', 'student_require_dob', 'student_require_email', 'student_require_name', 'student_sync_interval', 'version_number']
2026-09-16 10:33:10,772 INFO oes database_initialized path=C:\Users\ih6382\Desktop\OESServer\Open-Exam-System-main\data\oes.sqlite3
2026-09-16 10:33:10,858 WARNING oes development_default_credentials_enabled change OES_ADMIN_PASSWORD and OES_TEACHER_PASSWORD before deployment
2026-09-16 10:33:16,286 INFO oes request method=GET path=/ status=200 duration_ms=5.35
2026-09-16 10:33:22,419 INFO oes config_read keys=['application_name', 'check_day_of_birth', 'check_email', 'check_firstname', 'check_info', 'check_secondname', 'cluster_discovery_cidr', 'cluster_discovery_port', 'cluster_enabled', 'cluster_replication_mode', 'database_backup_dir', 'database_backup_enabled', 'database_backup_interval', 'database_max_size_mb', 'database_url', 'database_wal', 'firewall_backend', 'firewall_enabled', 'https_only', 'log_level', 'log_retention_days', 'network_allowed_cidrs', 'network_public_url', 'release_date', 'server_host', 'server_port', 'session_cookie_secure', 'session_hours', 'ssh_allow_poweroff', 'ssh_connect_timeout', 'ssh_host', 'ssh_key_path', 'ssh_known_hosts', 'ssh_port', 'ssh_user', 'status', 'student_allowed_apps', 'student_exam_url', 'student_forbidden_apps', 'student_require_dob', 'student_require_email', 'student_require_name', 'student_sync_interval', 'version_number']
2026-09-16 10:33:22,420 INFO oes config_read keys=['application_name', 'check_day_of_birth', 'check_email', 'check_firstname', 'check_info', 'check_secondname', 'cluster_discovery_cidr', 'cluster_discovery_port', 'cluster_enabled', 'cluster_replication_mode', 'database_backup_dir', 'database_backup_enabled', 'database_backup_interval', 'database_max_size_mb', 'database_url', 'database_wal', 'firewall_backend', 'firewall_enabled', 'https_only', 'log_level', 'log_retention_days', 'network_allowed_cidrs', 'network_public_url', 'release_date', 'server_host', 'server_port', 'session_cookie_secure', 'session_hours', 'ssh_allow_poweroff', 'ssh_connect_timeout', 'ssh_host', 'ssh_key_path', 'ssh_known_hosts', 'ssh_port', 'ssh_user', 'status', 'student_allowed_apps', 'student_exam_url', 'student_forbidden_apps', 'student_require_dob', 'student_require_email', 'student_require_name', 'student_sync_interval', 'version_number']
2026-09-16 10:33:22,425 INFO oes session_created role=teacher
2026-09-16 10:33:22,427 INFO oes request method=POST path=/login status=303 duration_ms=13.95
2026-09-16 10:33:22,447 INFO oes config_read keys=['application_name', 'check_day_of_birth', 'check_email', 'check_firstname', 'check_info', 'check_secondname', 'cluster_discovery_cidr', 'cluster_discovery_port', 'cluster_enabled', 'cluster_replication_mode', 'database_backup_dir', 'database_backup_enabled', 'database_backup_interval', 'database_max_size_mb', 'database_url', 'database_wal', 'firewall_backend', 'firewall_enabled', 'https_only', 'log_level', 'log_retention_days', 'network_allowed_cidrs', 'network_public_url', 'release_date', 'server_host', 'server_port', 'session_cookie_secure', 'session_hours', 'ssh_allow_poweroff', 'ssh_connect_timeout', 'ssh_host', 'ssh_key_path', 'ssh_known_hosts', 'ssh_port', 'ssh_user', 'status', 'student_allowed_apps', 'student_exam_url', 'student_forbidden_apps', 'student_require_dob', 'student_require_email', 'student_require_name', 'student_sync_interval', 'version_number']
2026-09-16 10:33:22,453 INFO oes request method=GET path=/teacher/dashboard status=200 duration_ms=16.25
2026-09-16 10:33:24,968 INFO oes config_read keys=['application_name', 'check_day_of_birth', 'check_email', 'check_firstname', 'check_info', 'check_secondname', 'cluster_discovery_cidr', 'cluster_discovery_port', 'cluster_enabled', 'cluster_replication_mode', 'database_backup_dir', 'database_backup_enabled', 'database_backup_interval', 'database_max_size_mb', 'database_url', 'database_wal', 'firewall_backend', 'firewall_enabled', 'https_only', 'log_level', 'log_retention_days', 'network_allowed_cidrs', 'network_public_url', 'release_date', 'server_host', 'server_port', 'session_cookie_secure', 'session_hours', 'ssh_allow_poweroff', 'ssh_connect_timeout', 'ssh_host', 'ssh_key_path', 'ssh_known_hosts', 'ssh_port', 'ssh_user', 'status', 'student_allowed_apps', 'student_exam_url', 'student_forbidden_apps', 'student_require_dob', 'student_require_email', 'student_require_name', 'student_sync_interval', 'version_number']
2026-09-16 10:33:24,975 INFO oes request method=GET path=/teacher/exam-maker status=200 duration_ms=9.43
2026-09-16 10:42:33,800 INFO oes config_read keys=['application_name', 'check_day_of_birth', 'check_email', 'check_firstname', 'check_info', 'check_secondname', 'cluster_discovery_cidr', 'cluster_discovery_port', 'cluster_enabled', 'cluster_replication_mode', 'database_backup_dir', 'database_backup_enabled', 'database_backup_interval', 'database_max_size_mb', 'database_url', 'database_wal', 'firewall_backend', 'firewall_enabled', 'https_only', 'log_level', 'log_retention_days', 'network_allowed_cidrs', 'network_public_url', 'release_date', 'server_host', 'server_port', 'session_cookie_secure', 'session_hours', 'ssh_allow_poweroff', 'ssh_connect_timeout', 'ssh_host', 'ssh_key_path', 'ssh_known_hosts', 'ssh_port', 'ssh_user', 'status', 'student_allowed_apps', 'student_exam_url', 'student_forbidden_apps', 'student_require_dob', 'student_require_email', 'student_require_name', 'student_sync_interval', 'version_number']
2026-09-16 10:42:33,811 INFO oes config_read keys=['application_name', 'check_day_of_birth', 'check_email', 'check_firstname', 'check_info', 'check_secondname', 'cluster_discovery_cidr', 'cluster_discovery_port', 'cluster_enabled', 'cluster_replication_mode', 'database_backup_dir', 'database_backup_enabled', 'database_backup_interval', 'database_max_size_mb', 'database_url', 'database_wal', 'firewall_backend', 'firewall_enabled', 'https_only', 'log_level', 'log_retention_days', 'network_allowed_cidrs', 'network_public_url', 'release_date', 'server_host', 'server_port', 'session_cookie_secure', 'session_hours', 'ssh_allow_poweroff', 'ssh_connect_timeout', 'ssh_host', 'ssh_key_path', 'ssh_known_hosts', 'ssh_port', 'ssh_user', 'status', 'student_allowed_apps', 'student_exam_url', 'student_forbidden_apps', 'student_require_dob', 'student_require_email', 'student_require_name', 'student_sync_interval', 'version_number']
2026-09-16 10:42:33,832 INFO oes database_initialized path=C:\Users\ih6382\Desktop\OESServer\Open-Exam-System-main\data\oes.sqlite3
2026-09-16 10:42:34,619 INFO oes config_read keys=['application_name', 'check_day_of_birth', 'check_email', 'check_firstname', 'check_info', 'check_secondname', 'cluster_discovery_cidr', 'cluster_discovery_port', 'cluster_enabled', 'cluster_replication_mode', 'database_backup_dir', 'database_backup_enabled', 'database_backup_interval', 'database_max_size_mb', 'database_url', 'database_wal', 'firewall_backend', 'firewall_enabled', 'https_only', 'log_level', 'log_retention_days', 'network_allowed_cidrs', 'network_public_url', 'release_date', 'server_host', 'server_port', 'session_cookie_secure', 'session_hours', 'ssh_allow_poweroff', 'ssh_connect_timeout', 'ssh_host', 'ssh_key_path', 'ssh_known_hosts', 'ssh_port', 'ssh_user', 'status', 'student_allowed_apps', 'student_exam_url', 'student_forbidden_apps', 'student_require_dob', 'student_require_email', 'student_require_name', 'student_sync_interval', 'version_number']
2026-09-16 10:42:34,625 INFO oes config_read keys=['application_name', 'check_day_of_birth', 'check_email', 'check_firstname', 'check_info', 'check_secondname', 'cluster_discovery_cidr', 'cluster_discovery_port', 'cluster_enabled', 'cluster_replication_mode', 'database_backup_dir', 'database_backup_enabled', 'database_backup_interval', 'database_max_size_mb', 'database_url', 'database_wal', 'firewall_backend', 'firewall_enabled', 'https_only', 'log_level', 'log_retention_days', 'network_allowed_cidrs', 'network_public_url', 'release_date', 'server_host', 'server_port', 'session_cookie_secure', 'session_hours', 'ssh_allow_poweroff', 'ssh_connect_timeout', 'ssh_host', 'ssh_key_path', 'ssh_known_hosts', 'ssh_port', 'ssh_user', 'status', 'student_allowed_apps', 'student_exam_url', 'student_forbidden_apps', 'student_require_dob', 'student_require_email', 'student_require_name', 'student_sync_interval', 'version_number']
2026-09-16 10:42:35,242 INFO oes teacher_accounts_initialized
2026-09-16 10:42:35,245 INFO oes config_read keys=['application_name', 'check_day_of_birth', 'check_email', 'check_firstname', 'check_info', 'check_secondname', 'cluster_discovery_cidr', 'cluster_discovery_port', 'cluster_enabled', 'cluster_replication_mode', 'database_backup_dir', 'database_backup_enabled', 'database_backup_interval', 'database_max_size_mb', 'database_url', 'database_wal', 'firewall_backend', 'firewall_enabled', 'https_only', 'log_level', 'log_retention_days', 'network_allowed_cidrs', 'network_public_url', 'release_date', 'server_host', 'server_port', 'session_cookie_secure', 'session_hours', 'ssh_allow_poweroff', 'ssh_connect_timeout', 'ssh_host', 'ssh_key_path', 'ssh_known_hosts', 'ssh_port', 'ssh_user', 'status', 'student_allowed_apps', 'student_exam_url', 'student_forbidden_apps', 'student_require_dob', 'student_require_email', 'student_require_name', 'student_sync_interval', 'version_number']
2026-09-16 10:42:35,249 INFO oes config_read keys=['application_name', 'check_day_of_birth', 'check_email', 'check_firstname', 'check_info', 'check_secondname', 'cluster_discovery_cidr', 'cluster_discovery_port', 'cluster_enabled', 'cluster_replication_mode', 'database_backup_dir', 'database_backup_enabled', 'database_backup_interval', 'database_max_size_mb', 'database_url', 'database_wal', 'firewall_backend', 'firewall_enabled', 'https_only', 'log_level', 'log_retention_days', 'network_allowed_cidrs', 'network_public_url', 'release_date', 'server_host', 'server_port', 'session_cookie_secure', 'session_hours', 'ssh_allow_poweroff', 'ssh_connect_timeout', 'ssh_host', 'ssh_key_path', 'ssh_known_hosts', 'ssh_port', 'ssh_user', 'status', 'student_allowed_apps', 'student_exam_url', 'student_forbidden_apps', 'student_require_dob', 'student_require_email', 'student_require_name', 'student_sync_interval', 'version_number']
2026-09-16 10:43:05,355 INFO oes config_read keys=['application_name', 'check_day_of_birth', 'check_email', 'check_firstname', 'check_info', 'check_secondname', 'cluster_discovery_cidr', 'cluster_discovery_port', 'cluster_enabled', 'cluster_replication_mode', 'database_backup_dir', 'database_backup_enabled', 'database_backup_interval', 'database_max_size_mb', 'database_url', 'database_wal', 'firewall_backend', 'firewall_enabled', 'https_only', 'log_level', 'log_retention_days', 'network_allowed_cidrs', 'network_public_url', 'release_date', 'server_host', 'server_port', 'session_cookie_secure', 'session_hours', 'ssh_allow_poweroff', 'ssh_connect_timeout', 'ssh_host', 'ssh_key_path', 'ssh_known_hosts', 'ssh_port', 'ssh_user', 'status', 'student_allowed_apps', 'student_exam_url', 'student_forbidden_apps', 'student_require_dob', 'student_require_email', 'student_require_name', 'student_sync_interval', 'version_number']
2026-09-16 10:43:05,357 INFO oes config_read keys=['application_name', 'check_day_of_birth', 'check_email', 'check_firstname', 'check_info', 'check_secondname', 'cluster_discovery_cidr', 'cluster_discovery_port', 'cluster_enabled', 'cluster_replication_mode', 'database_backup_dir', 'database_backup_enabled', 'database_backup_interval', 'database_max_size_mb', 'database_url', 'database_wal', 'firewall_backend', 'firewall_enabled', 'https_only', 'log_level', 'log_retention_days', 'network_allowed_cidrs', 'network_public_url', 'release_date', 'server_host', 'server_port', 'session_cookie_secure', 'session_hours', 'ssh_allow_poweroff', 'ssh_connect_timeout', 'ssh_host', 'ssh_key_path', 'ssh_known_hosts', 'ssh_port', 'ssh_user', 'status', 'student_allowed_apps', 'student_exam_url', 'student_forbidden_apps', 'student_require_dob', 'student_require_email', 'student_require_name', 'student_sync_interval', 'version_number']
2026-09-16 10:43:05,361 INFO oes database_initialized path=C:\Users\ih6382\Desktop\OESServer\Open-Exam-System-main\data\oes.sqlite3
2026-09-16 10:43:05,363 INFO oes config_read keys=['application_name', 'check_day_of_birth', 'check_email', 'check_firstname', 'check_info', 'check_secondname', 'cluster_discovery_cidr', 'cluster_discovery_port', 'cluster_enabled', 'cluster_replication_mode', 'database_backup_dir', 'database_backup_enabled', 'database_backup_interval', 'database_max_size_mb', 'database_url', 'database_wal', 'firewall_backend', 'firewall_enabled', 'https_only', 'log_level', 'log_retention_days', 'network_allowed_cidrs', 'network_public_url', 'release_date', 'server_host', 'server_port', 'session_cookie_secure', 'session_hours', 'ssh_allow_poweroff', 'ssh_connect_timeout', 'ssh_host', 'ssh_key_path', 'ssh_known_hosts', 'ssh_port', 'ssh_user', 'status', 'student_allowed_apps', 'student_exam_url', 'student_forbidden_apps', 'student_require_dob', 'student_require_email', 'student_require_name', 'student_sync_interval', 'version_number']
2026-09-16 10:43:05,367 INFO oes config_read keys=['application_name', 'check_day_of_birth', 'check_email', 'check_firstname', 'check_info', 'check_secondname', 'cluster_discovery_cidr', 'cluster_discovery_port', 'cluster_enabled', 'cluster_replication_mode', 'database_backup_dir', 'database_backup_enabled', 'database_backup_interval', 'database_max_size_mb', 'database_url', 'database_wal', 'firewall_backend', 'firewall_enabled', 'https_only', 'log_level', 'log_retention_days', 'network_allowed_cidrs', 'network_public_url', 'release_date', 'server_host', 'server_port', 'session_cookie_secure', 'session_hours', 'ssh_allow_poweroff', 'ssh_connect_timeout', 'ssh_host', 'ssh_key_path', 'ssh_known_hosts', 'ssh_port', 'ssh_user', 'status', 'student_allowed_apps', 'student_exam_url', 'student_forbidden_apps', 'student_require_dob', 'student_require_email', 'student_require_name', 'student_sync_interval', 'version_number']
2026-09-16 10:43:05,371 INFO oes teacher_accounts_initialized
2026-09-16 10:43:05,373 INFO oes config_read keys=['application_name', 'check_day_of_birth', 'check_email', 'check_firstname', 'check_info', 'check_secondname', 'cluster_discovery_cidr', 'cluster_discovery_port', 'cluster_enabled', 'cluster_replication_mode', 'database_backup_dir', 'database_backup_enabled', 'database_backup_interval', 'database_max_size_mb', 'database_url', 'database_wal', 'firewall_backend', 'firewall_enabled', 'https_only', 'log_level', 'log_retention_days', 'network_allowed_cidrs', 'network_public_url', 'release_date', 'server_host', 'server_port', 'session_cookie_secure', 'session_hours', 'ssh_allow_poweroff', 'ssh_connect_timeout', 'ssh_host', 'ssh_key_path', 'ssh_known_hosts', 'ssh_port', 'ssh_user', 'status', 'student_allowed_apps', 'student_exam_url', 'student_forbidden_apps', 'student_require_dob', 'student_require_email', 'student_require_name', 'student_sync_interval', 'version_number']
2026-09-16 10:43:05,374 INFO oes config_read keys=['application_name', 'check_day_of_birth', 'check_email', 'check_firstname', 'check_info', 'check_secondname', 'cluster_discovery_cidr', 'cluster_discovery_port', 'cluster_enabled', 'cluster_replication_mode', 'database_backup_dir', 'database_backup_enabled', 'database_backup_interval', 'database_max_size_mb', 'database_url', 'database_wal', 'firewall_backend', 'firewall_enabled', 'https_only', 'log_level', 'log_retention_days', 'network_allowed_cidrs', 'network_public_url', 'release_date', 'server_host', 'server_port', 'session_cookie_secure', 'session_hours', 'ssh_allow_poweroff', 'ssh_connect_timeout', 'ssh_host', 'ssh_key_path', 'ssh_known_hosts', 'ssh_port', 'ssh_user', 'status', 'student_allowed_apps', 'student_exam_url', 'student_forbidden_apps', 'student_require_dob', 'student_require_email', 'student_require_name', 'student_sync_interval', 'version_number']
2026-09-16 10:43:21,816 INFO oes config_read keys=['application_name', 'check_day_of_birth', 'check_email', 'check_firstname', 'check_info', 'check_secondname', 'cluster_discovery_cidr', 'cluster_discovery_port', 'cluster_enabled', 'cluster_replication_mode', 'database_backup_dir', 'database_backup_enabled', 'database_backup_interval', 'database_max_size_mb', 'database_url', 'database_wal', 'firewall_backend', 'firewall_enabled', 'https_only', 'log_level', 'log_retention_days', 'network_allowed_cidrs', 'network_public_url', 'release_date', 'server_host', 'server_port', 'session_cookie_secure', 'session_hours', 'ssh_allow_poweroff', 'ssh_connect_timeout', 'ssh_host', 'ssh_key_path', 'ssh_known_hosts', 'ssh_port', 'ssh_user', 'status', 'student_allowed_apps', 'student_exam_url', 'student_forbidden_apps', 'student_require_dob', 'student_require_email', 'student_require_name', 'student_sync_interval', 'version_number']
2026-09-16 10:43:21,821 INFO oes config_read keys=['application_name', 'check_day_of_birth', 'check_email', 'check_firstname', 'check_info', 'check_secondname', 'cluster_discovery_cidr', 'cluster_discovery_port', 'cluster_enabled', 'cluster_replication_mode', 'database_backup_dir', 'database_backup_enabled', 'database_backup_interval', 'database_max_size_mb', 'database_url', 'database_wal', 'firewall_backend', 'firewall_enabled', 'https_only', 'log_level', 'log_retention_days', 'network_allowed_cidrs', 'network_public_url', 'release_date', 'server_host', 'server_port', 'session_cookie_secure', 'session_hours', 'ssh_allow_poweroff', 'ssh_connect_timeout', 'ssh_host', 'ssh_key_path', 'ssh_known_hosts', 'ssh_port', 'ssh_user', 'status', 'student_allowed_apps', 'student_exam_url', 'student_forbidden_apps', 'student_require_dob', 'student_require_email', 'student_require_name', 'student_sync_interval', 'version_number']
2026-09-16 10:43:21,827 INFO oes database_initialized path=C:\Users\ih6382\Desktop\OESServer\Open-Exam-System-main\data\oes.sqlite3
2026-09-16 10:43:21,828 INFO oes config_read keys=['application_name', 'check_day_of_birth', 'check_email', 'check_firstname', 'check_info', 'check_secondname', 'cluster_discovery_cidr', 'cluster_discovery_port', 'cluster_enabled', 'cluster_replication_mode', 'database_backup_dir', 'database_backup_enabled', 'database_backup_interval', 'database_max_size_mb', 'database_url', 'database_wal', 'firewall_backend', 'firewall_enabled', 'https_only', 'log_level', 'log_retention_days', 'network_allowed_cidrs', 'network_public_url', 'release_date', 'server_host', 'server_port', 'session_cookie_secure', 'session_hours', 'ssh_allow_poweroff', 'ssh_connect_timeout', 'ssh_host', 'ssh_key_path', 'ssh_known_hosts', 'ssh_port', 'ssh_user', 'status', 'student_allowed_apps', 'student_exam_url', 'student_forbidden_apps', 'student_require_dob', 'student_require_email', 'student_require_name', 'student_sync_interval', 'version_number']
2026-09-16 10:43:21,829 INFO oes config_read keys=['application_name', 'check_day_of_birth', 'check_email', 'check_firstname', 'check_info', 'check_secondname', 'cluster_discovery_cidr', 'cluster_discovery_port', 'cluster_enabled', 'cluster_replication_mode', 'database_backup_dir', 'database_backup_enabled', 'database_backup_interval', 'database_max_size_mb', 'database_url', 'database_wal', 'firewall_backend', 'firewall_enabled', 'https_only', 'log_level', 'log_retention_days', 'network_allowed_cidrs', 'network_public_url', 'release_date', 'server_host', 'server_port', 'session_cookie_secure', 'session_hours', 'ssh_allow_poweroff', 'ssh_connect_timeout', 'ssh_host', 'ssh_key_path', 'ssh_known_hosts', 'ssh_port', 'ssh_user', 'status', 'student_allowed_apps', 'student_exam_url', 'student_forbidden_apps', 'student_require_dob', 'student_require_email', 'student_require_name', 'student_sync_interval', 'version_number']
2026-09-16 10:43:21,831 INFO oes teacher_accounts_initialized
2026-09-16 10:43:21,831 INFO oes config_read keys=['application_name', 'check_day_of_birth', 'check_email', 'check_firstname', 'check_info', 'check_secondname', 'cluster_discovery_cidr', 'cluster_discovery_port', 'cluster_enabled', 'cluster_replication_mode', 'database_backup_dir', 'database_backup_enabled', 'database_backup_interval', 'database_max_size_mb', 'database_url', 'database_wal', 'firewall_backend', 'firewall_enabled', 'https_only', 'log_level', 'log_retention_days', 'network_allowed_cidrs', 'network_public_url', 'release_date', 'server_host', 'server_port', 'session_cookie_secure', 'session_hours', 'ssh_allow_poweroff', 'ssh_connect_timeout', 'ssh_host', 'ssh_key_path', 'ssh_known_hosts', 'ssh_port', 'ssh_user', 'status', 'student_allowed_apps', 'student_exam_url', 'student_forbidden_apps', 'student_require_dob', 'student_require_email', 'student_require_name', 'student_sync_interval', 'version_number']
2026-09-16 10:43:21,834 INFO oes config_read keys=['application_name', 'check_day_of_birth', 'check_email', 'check_firstname', 'check_info', 'check_secondname', 'cluster_discovery_cidr', 'cluster_discovery_port', 'cluster_enabled', 'cluster_replication_mode', 'database_backup_dir', 'database_backup_enabled', 'database_backup_interval', 'database_max_size_mb', 'database_url', 'database_wal', 'firewall_backend', 'firewall_enabled', 'https_only', 'log_level', 'log_retention_days', 'network_allowed_cidrs', 'network_public_url', 'release_date', 'server_host', 'server_port', 'session_cookie_secure', 'session_hours', 'ssh_allow_poweroff', 'ssh_connect_timeout', 'ssh_host', 'ssh_key_path', 'ssh_known_hosts', 'ssh_port', 'ssh_user', 'status', 'student_allowed_apps', 'student_exam_url', 'student_forbidden_apps', 'student_require_dob', 'student_require_email', 'student_require_name', 'student_sync_interval', 'version_number']
2026-09-16 10:43:21,926 INFO oes default_teacher_created
2026-09-16 10:43:21,934 INFO oes config_read keys=['application_name', 'check_day_of_birth', 'check_email', 'check_firstname', 'check_info', 'check_secondname', 'cluster_discovery_cidr', 'cluster_discovery_port', 'cluster_enabled', 'cluster_replication_mode', 'database_backup_dir', 'database_backup_enabled', 'database_backup_interval', 'database_max_size_mb', 'database_url', 'database_wal', 'firewall_backend', 'firewall_enabled', 'https_only', 'log_level', 'log_retention_days', 'network_allowed_cidrs', 'network_public_url', 'release_date', 'server_host', 'server_port', 'session_cookie_secure', 'session_hours', 'ssh_allow_poweroff', 'ssh_connect_timeout', 'ssh_host', 'ssh_key_path', 'ssh_known_hosts', 'ssh_port', 'ssh_user', 'status', 'student_allowed_apps', 'student_exam_url', 'student_forbidden_apps', 'student_require_dob', 'student_require_email', 'student_require_name', 'student_sync_interval', 'version_number']
2026-09-16 10:43:21,940 INFO oes config_read keys=['application_name', 'check_day_of_birth', 'check_email', 'check_firstname', 'check_info', 'check_secondname', 'cluster_discovery_cidr', 'cluster_discovery_port', 'cluster_enabled', 'cluster_replication_mode', 'database_backup_dir', 'database_backup_enabled', 'database_backup_interval', 'database_max_size_mb', 'database_url', 'database_wal', 'firewall_backend', 'firewall_enabled', 'https_only', 'log_level', 'log_retention_days', 'network_allowed_cidrs', 'network_public_url', 'release_date', 'server_host', 'server_port', 'session_cookie_secure', 'session_hours', 'ssh_allow_poweroff', 'ssh_connect_timeout', 'ssh_host', 'ssh_key_path', 'ssh_known_hosts', 'ssh_port', 'ssh_user', 'status', 'student_allowed_apps', 'student_exam_url', 'student_forbidden_apps', 'student_require_dob', 'student_require_email', 'student_require_name', 'student_sync_interval', 'version_number']
2026-09-16 10:43:21,944 INFO oes teacher_accounts_initialized
2026-09-16 10:43:21,945 INFO oes config_read keys=['application_name', 'check_day_of_birth', 'check_email', 'check_firstname', 'check_info', 'check_secondname', 'cluster_discovery_cidr', 'cluster_discovery_port', 'cluster_enabled', 'cluster_replication_mode', 'database_backup_dir', 'database_backup_enabled', 'database_backup_interval', 'database_max_size_mb', 'database_url', 'database_wal', 'firewall_backend', 'firewall_enabled', 'https_only', 'log_level', 'log_retention_days', 'network_allowed_cidrs', 'network_public_url', 'release_date', 'server_host', 'server_port', 'session_cookie_secure', 'session_hours', 'ssh_allow_poweroff', 'ssh_connect_timeout', 'ssh_host', 'ssh_key_path', 'ssh_known_hosts', 'ssh_port', 'ssh_user', 'status', 'student_allowed_apps', 'student_exam_url', 'student_forbidden_apps', 'student_require_dob', 'student_require_email', 'student_require_name', 'student_sync_interval', 'version_number']
2026-09-16 10:43:21,946 INFO oes config_read keys=['application_name', 'check_day_of_birth', 'check_email', 'check_firstname', 'check_info', 'check_secondname', 'cluster_discovery_cidr', 'cluster_discovery_port', 'cluster_enabled', 'cluster_replication_mode', 'database_backup_dir', 'database_backup_enabled', 'database_backup_interval', 'database_max_size_mb', 'database_url', 'database_wal', 'firewall_backend', 'firewall_enabled', 'https_only', 'log_level', 'log_retention_days', 'network_allowed_cidrs', 'network_public_url', 'release_date', 'server_host', 'server_port', 'session_cookie_secure', 'session_hours', 'ssh_allow_poweroff', 'ssh_connect_timeout', 'ssh_host', 'ssh_key_path', 'ssh_known_hosts', 'ssh_port', 'ssh_user', 'status', 'student_allowed_apps', 'student_exam_url', 'student_forbidden_apps', 'student_require_dob', 'student_require_email', 'student_require_name', 'student_sync_interval', 'version_number']
2026-09-16 10:43:22,031 INFO oes teacher_account_created username=checkteacher
2026-09-16 10:43:22,032 INFO oes config_read keys=['application_name', 'check_day_of_birth', 'check_email', 'check_firstname', 'check_info', 'check_secondname', 'cluster_discovery_cidr', 'cluster_discovery_port', 'cluster_enabled', 'cluster_replication_mode', 'database_backup_dir', 'database_backup_enabled', 'database_backup_interval', 'database_max_size_mb', 'database_url', 'database_wal', 'firewall_backend', 'firewall_enabled', 'https_only', 'log_level', 'log_retention_days', 'network_allowed_cidrs', 'network_public_url', 'release_date', 'server_host', 'server_port', 'session_cookie_secure', 'session_hours', 'ssh_allow_poweroff', 'ssh_connect_timeout', 'ssh_host', 'ssh_key_path', 'ssh_known_hosts', 'ssh_port', 'ssh_user', 'status', 'student_allowed_apps', 'student_exam_url', 'student_forbidden_apps', 'student_require_dob', 'student_require_email', 'student_require_name', 'student_sync_interval', 'version_number']
2026-09-16 10:43:22,033 INFO oes config_read keys=['application_name', 'check_day_of_birth', 'check_email', 'check_firstname', 'check_info', 'check_secondname', 'cluster_discovery_cidr', 'cluster_discovery_port', 'cluster_enabled', 'cluster_replication_mode', 'database_backup_dir', 'database_backup_enabled', 'database_backup_interval', 'database_max_size_mb', 'database_url', 'database_wal', 'firewall_backend', 'firewall_enabled', 'https_only', 'log_level', 'log_retention_days', 'network_allowed_cidrs', 'network_public_url', 'release_date', 'server_host', 'server_port', 'session_cookie_secure', 'session_hours', 'ssh_allow_poweroff', 'ssh_connect_timeout', 'ssh_host', 'ssh_key_path', 'ssh_known_hosts', 'ssh_port', 'ssh_user', 'status', 'student_allowed_apps', 'student_exam_url', 'student_forbidden_apps', 'student_require_dob', 'student_require_email', 'student_require_name', 'student_sync_interval', 'version_number']
2026-09-16 10:43:22,037 INFO oes teacher_accounts_initialized
2026-09-16 10:43:22,040 INFO oes config_read keys=['application_name', 'check_day_of_birth', 'check_email', 'check_firstname', 'check_info', 'check_secondname', 'cluster_discovery_cidr', 'cluster_discovery_port', 'cluster_enabled', 'cluster_replication_mode', 'database_backup_dir', 'database_backup_enabled', 'database_backup_interval', 'database_max_size_mb', 'database_url', 'database_wal', 'firewall_backend', 'firewall_enabled', 'https_only', 'log_level', 'log_retention_days', 'network_allowed_cidrs', 'network_public_url', 'release_date', 'server_host', 'server_port', 'session_cookie_secure', 'session_hours', 'ssh_allow_poweroff', 'ssh_connect_timeout', 'ssh_host', 'ssh_key_path', 'ssh_known_hosts', 'ssh_port', 'ssh_user', 'status', 'student_allowed_apps', 'student_exam_url', 'student_forbidden_apps', 'student_require_dob', 'student_require_email', 'student_require_name', 'student_sync_interval', 'version_number']
2026-09-16 10:43:22,042 INFO oes config_read keys=['application_name', 'check_day_of_birth', 'check_email', 'check_firstname', 'check_info', 'check_secondname', 'cluster_discovery_cidr', 'cluster_discovery_port', 'cluster_enabled', 'cluster_replication_mode', 'database_backup_dir', 'database_backup_enabled', 'database_backup_interval', 'database_max_size_mb', 'database_url', 'database_wal', 'firewall_backend', 'firewall_enabled', 'https_only', 'log_level', 'log_retention_days', 'network_allowed_cidrs', 'network_public_url', 'release_date', 'server_host', 'server_port', 'session_cookie_secure', 'session_hours', 'ssh_allow_poweroff', 'ssh_connect_timeout', 'ssh_host', 'ssh_key_path', 'ssh_known_hosts', 'ssh_port', 'ssh_user', 'status', 'student_allowed_apps', 'student_exam_url', 'student_forbidden_apps', 'student_require_dob', 'student_require_email', 'student_require_name', 'student_sync_interval', 'version_number']
2026-09-16 10:43:22,133 INFO oes config_read keys=['application_name', 'check_day_of_birth', 'check_email', 'check_firstname', 'check_info', 'check_secondname', 'cluster_discovery_cidr', 'cluster_discovery_port', 'cluster_enabled', 'cluster_replication_mode', 'database_backup_dir', 'database_backup_enabled', 'database_backup_interval', 'database_max_size_mb', 'database_url', 'database_wal', 'firewall_backend', 'firewall_enabled', 'https_only', 'log_level', 'log_retention_days', 'network_allowed_cidrs', 'network_public_url', 'release_date', 'server_host', 'server_port', 'session_cookie_secure', 'session_hours', 'ssh_allow_poweroff', 'ssh_connect_timeout', 'ssh_host', 'ssh_key_path', 'ssh_known_hosts', 'ssh_port', 'ssh_user', 'status', 'student_allowed_apps', 'student_exam_url', 'student_forbidden_apps', 'student_require_dob', 'student_require_email', 'student_require_name', 'student_sync_interval', 'version_number']
2026-09-16 10:43:22,139 INFO oes config_read keys=['application_name', 'check_day_of_birth', 'check_email', 'check_firstname', 'check_info', 'check_secondname', 'cluster_discovery_cidr', 'cluster_discovery_port', 'cluster_enabled', 'cluster_replication_mode', 'database_backup_dir', 'database_backup_enabled', 'database_backup_interval', 'database_max_size_mb', 'database_url', 'database_wal', 'firewall_backend', 'firewall_enabled', 'https_only', 'log_level', 'log_retention_days', 'network_allowed_cidrs', 'network_public_url', 'release_date', 'server_host', 'server_port', 'session_cookie_secure', 'session_hours', 'ssh_allow_poweroff', 'ssh_connect_timeout', 'ssh_host', 'ssh_key_path', 'ssh_known_hosts', 'ssh_port', 'ssh_user', 'status', 'student_allowed_apps', 'student_exam_url', 'student_forbidden_apps', 'student_require_dob', 'student_require_email', 'student_require_name', 'student_sync_interval', 'version_number']
2026-09-16 10:43:22,147 INFO oes config_read keys=['application_name', 'check_day_of_birth', 'check_email', 'check_firstname', 'check_info', 'check_secondname', 'cluster_discovery_cidr', 'cluster_discovery_port', 'cluster_enabled', 'cluster_replication_mode', 'database_backup_dir', 'database_backup_enabled', 'database_backup_interval', 'database_max_size_mb', 'database_url', 'database_wal', 'firewall_backend', 'firewall_enabled', 'https_only', 'log_level', 'log_retention_days', 'network_allowed_cidrs', 'network_public_url', 'release_date', 'server_host', 'server_port', 'session_cookie_secure', 'session_hours', 'ssh_allow_poweroff', 'ssh_connect_timeout', 'ssh_host', 'ssh_key_path', 'ssh_known_hosts', 'ssh_port', 'ssh_user', 'status', 'student_allowed_apps', 'student_exam_url', 'student_forbidden_apps', 'student_require_dob', 'student_require_email', 'student_require_name', 'student_sync_interval', 'version_number']
2026-09-16 10:43:22,149 INFO oes config_read keys=['application_name', 'check_day_of_birth', 'check_email', 'check_firstname', 'check_info', 'check_secondname', 'cluster_discovery_cidr', 'cluster_discovery_port', 'cluster_enabled', 'cluster_replication_mode', 'database_backup_dir', 'database_backup_enabled', 'database_backup_interval', 'database_max_size_mb', 'database_url', 'database_wal', 'firewall_backend', 'firewall_enabled', 'https_only', 'log_level', 'log_retention_days', 'network_allowed_cidrs', 'network_public_url', 'release_date', 'server_host', 'server_port', 'session_cookie_secure', 'session_hours', 'ssh_allow_poweroff', 'ssh_connect_timeout', 'ssh_host', 'ssh_key_path', 'ssh_known_hosts', 'ssh_port', 'ssh_user', 'status', 'student_allowed_apps', 'student_exam_url', 'student_forbidden_apps', 'student_require_dob', 'student_require_email', 'student_require_name', 'student_sync_interval', 'version_number']
2026-09-16 10:43:22,157 INFO oes exam_created exam_id=b06de067-7065-463e-8cb2-da423625ba22 teacher=checkteacher
2026-09-16 10:43:22,159 INFO oes config_read keys=['application_name', 'check_day_of_birth', 'check_email', 'check_firstname', 'check_info', 'check_secondname', 'cluster_discovery_cidr', 'cluster_discovery_port', 'cluster_enabled', 'cluster_replication_mode', 'database_backup_dir', 'database_backup_enabled', 'database_backup_interval', 'database_max_size_mb', 'database_url', 'database_wal', 'firewall_backend', 'firewall_enabled', 'https_only', 'log_level', 'log_retention_days', 'network_allowed_cidrs', 'network_public_url', 'release_date', 'server_host', 'server_port', 'session_cookie_secure', 'session_hours', 'ssh_allow_poweroff', 'ssh_connect_timeout', 'ssh_host', 'ssh_key_path', 'ssh_known_hosts', 'ssh_port', 'ssh_user', 'status', 'student_allowed_apps', 'student_exam_url', 'student_forbidden_apps', 'student_require_dob', 'student_require_email', 'student_require_name', 'student_sync_interval', 'version_number']
2026-09-16 10:43:22,162 INFO oes config_read keys=['application_name', 'check_day_of_birth', 'check_email', 'check_firstname', 'check_info', 'check_secondname', 'cluster_discovery_cidr', 'cluster_discovery_port', 'cluster_enabled', 'cluster_replication_mode', 'database_backup_dir', 'database_backup_enabled', 'database_backup_interval', 'database_max_size_mb', 'database_url', 'database_wal', 'firewall_backend', 'firewall_enabled', 'https_only', 'log_level', 'log_retention_days', 'network_allowed_cidrs', 'network_public_url', 'release_date', 'server_host', 'server_port', 'session_cookie_secure', 'session_hours', 'ssh_allow_poweroff', 'ssh_connect_timeout', 'ssh_host', 'ssh_key_path', 'ssh_known_hosts', 'ssh_port', 'ssh_user', 'status', 'student_allowed_apps', 'student_exam_url', 'student_forbidden_apps', 'student_require_dob', 'student_require_email', 'student_require_name', 'student_sync_interval', 'version_number']
2026-09-16 10:43:22,171 INFO oes config_read keys=['application_name', 'check_day_of_birth', 'check_email', 'check_firstname', 'check_info', 'check_secondname', 'cluster_discovery_cidr', 'cluster_discovery_port', 'cluster_enabled', 'cluster_replication_mode', 'database_backup_dir', 'database_backup_enabled', 'database_backup_interval', 'database_max_size_mb', 'database_url', 'database_wal', 'firewall_backend', 'firewall_enabled', 'https_only', 'log_level', 'log_retention_days', 'network_allowed_cidrs', 'network_public_url', 'release_date', 'server_host', 'server_port', 'session_cookie_secure', 'session_hours', 'ssh_allow_poweroff', 'ssh_connect_timeout', 'ssh_host', 'ssh_key_path', 'ssh_known_hosts', 'ssh_port', 'ssh_user', 'status', 'student_allowed_apps', 'student_exam_url', 'student_forbidden_apps', 'student_require_dob', 'student_require_email', 'student_require_name', 'student_sync_interval', 'version_number']
2026-09-16 10:43:22,175 INFO oes config_read keys=['application_name', 'check_day_of_birth', 'check_email', 'check_firstname', 'check_info', 'check_secondname', 'cluster_discovery_cidr', 'cluster_discovery_port', 'cluster_enabled', 'cluster_replication_mode', 'database_backup_dir', 'database_backup_enabled', 'database_backup_interval', 'database_max_size_mb', 'database_url', 'database_wal', 'firewall_backend', 'firewall_enabled', 'https_only', 'log_level', 'log_retention_days', 'network_allowed_cidrs', 'network_public_url', 'release_date', 'server_host', 'server_port', 'session_cookie_secure', 'session_hours', 'ssh_allow_poweroff', 'ssh_connect_timeout', 'ssh_host', 'ssh_key_path', 'ssh_known_hosts', 'ssh_port', 'ssh_user', 'status', 'student_allowed_apps', 'student_exam_url', 'student_forbidden_apps', 'student_require_dob', 'student_require_email', 'student_require_name', 'student_sync_interval', 'version_number']
2026-09-16 10:43:22,190 INFO oes config_read keys=['application_name', 'check_day_of_birth', 'check_email', 'check_firstname', 'check_info', 'check_secondname', 'cluster_discovery_cidr', 'cluster_discovery_port', 'cluster_enabled', 'cluster_replication_mode', 'database_backup_dir', 'database_backup_enabled', 'database_backup_interval', 'database_max_size_mb', 'database_url', 'database_wal', 'firewall_backend', 'firewall_enabled', 'https_only', 'log_level', 'log_retention_days', 'network_allowed_cidrs', 'network_public_url', 'release_date', 'server_host', 'server_port', 'session_cookie_secure', 'session_hours', 'ssh_allow_poweroff', 'ssh_connect_timeout', 'ssh_host', 'ssh_key_path', 'ssh_known_hosts', 'ssh_port', 'ssh_user', 'status', 'student_allowed_apps', 'student_exam_url', 'student_forbidden_apps', 'student_require_dob', 'student_require_email', 'student_require_name', 'student_sync_interval', 'version_number']
2026-09-16 10:43:22,193 INFO oes config_read keys=['application_name', 'check_day_of_birth', 'check_email', 'check_firstname', 'check_info', 'check_secondname', 'cluster_discovery_cidr', 'cluster_discovery_port', 'cluster_enabled', 'cluster_replication_mode', 'database_backup_dir', 'database_backup_enabled', 'database_backup_interval', 'database_max_size_mb', 'database_url', 'database_wal', 'firewall_backend', 'firewall_enabled', 'https_only', 'log_level', 'log_retention_days', 'network_allowed_cidrs', 'network_public_url', 'release_date', 'server_host', 'server_port', 'session_cookie_secure', 'session_hours', 'ssh_allow_poweroff', 'ssh_connect_timeout', 'ssh_host', 'ssh_key_path', 'ssh_known_hosts', 'ssh_port', 'ssh_user', 'status', 'student_allowed_apps', 'student_exam_url', 'student_forbidden_apps', 'student_require_dob', 'student_require_email', 'student_require_name', 'student_sync_interval', 'version_number']
2026-09-16 10:43:22,197 INFO oes config_read keys=['application_name', 'check_day_of_birth', 'check_email', 'check_firstname', 'check_info', 'check_secondname', 'cluster_discovery_cidr', 'cluster_discovery_port', 'cluster_enabled', 'cluster_replication_mode', 'database_backup_dir', 'database_backup_enabled', 'database_backup_interval', 'database_max_size_mb', 'database_url', 'database_wal', 'firewall_backend', 'firewall_enabled', 'https_only', 'log_level', 'log_retention_days', 'network_allowed_cidrs', 'network_public_url', 'release_date', 'server_host', 'server_port', 'session_cookie_secure', 'session_hours', 'ssh_allow_poweroff', 'ssh_connect_timeout', 'ssh_host', 'ssh_key_path', 'ssh_known_hosts', 'ssh_port', 'ssh_user', 'status', 'student_allowed_apps', 'student_exam_url', 'student_forbidden_apps', 'student_require_dob', 'student_require_email', 'student_require_name', 'student_sync_interval', 'version_number']
2026-09-16 10:43:22,200 INFO oes config_read keys=['application_name', 'check_day_of_birth', 'check_email', 'check_firstname', 'check_info', 'check_secondname', 'cluster_discovery_cidr', 'cluster_discovery_port', 'cluster_enabled', 'cluster_replication_mode', 'database_backup_dir', 'database_backup_enabled', 'database_backup_interval', 'database_max_size_mb', 'database_url', 'database_wal', 'firewall_backend', 'firewall_enabled', 'https_only', 'log_level', 'log_retention_days', 'network_allowed_cidrs', 'network_public_url', 'release_date', 'server_host', 'server_port', 'session_cookie_secure', 'session_hours', 'ssh_allow_poweroff', 'ssh_connect_timeout', 'ssh_host', 'ssh_key_path', 'ssh_known_hosts', 'ssh_port', 'ssh_user', 'status', 'student_allowed_apps', 'student_exam_url', 'student_forbidden_apps', 'student_require_dob', 'student_require_email', 'student_require_name', 'student_sync_interval', 'version_number']
2026-09-16 10:43:22,209 INFO oes exam_deleted exam_id=b06de067-7065-463e-8cb2-da423625ba22 teacher=checkteacher deleted=True
2026-09-16 10:49:06,395 INFO oes config_read keys=['application_name', 'check_day_of_birth', 'check_email', 'check_firstname', 'check_info', 'check_secondname', 'cluster_discovery_cidr', 'cluster_discovery_port', 'cluster_enabled', 'cluster_replication_mode', 'database_backup_dir', 'database_backup_enabled', 'database_backup_interval', 'database_max_size_mb', 'database_url', 'database_wal', 'firewall_backend', 'firewall_enabled', 'https_only', 'log_level', 'log_retention_days', 'network_allowed_cidrs', 'network_public_url', 'release_date', 'server_host', 'server_port', 'session_cookie_secure', 'session_hours', 'ssh_allow_poweroff', 'ssh_connect_timeout', 'ssh_host', 'ssh_key_path', 'ssh_known_hosts', 'ssh_port', 'ssh_user', 'status', 'student_allowed_apps', 'student_exam_url', 'student_forbidden_apps', 'student_require_dob', 'student_require_email', 'student_require_name', 'student_sync_interval', 'version_number']
2026-09-16 10:49:06,400 INFO oes config_read keys=['application_name', 'check_day_of_birth', 'check_email', 'check_firstname', 'check_info', 'check_secondname', 'cluster_discovery_cidr', 'cluster_discovery_port', 'cluster_enabled', 'cluster_replication_mode', 'database_backup_dir', 'database_backup_enabled', 'database_backup_interval', 'database_max_size_mb', 'database_url', 'database_wal', 'firewall_backend', 'firewall_enabled', 'https_only', 'log_level', 'log_retention_days', 'network_allowed_cidrs', 'network_public_url', 'release_date', 'server_host', 'server_port', 'session_cookie_secure', 'session_hours', 'ssh_allow_poweroff', 'ssh_connect_timeout', 'ssh_host', 'ssh_key_path', 'ssh_known_hosts', 'ssh_port', 'ssh_user', 'status', 'student_allowed_apps', 'student_exam_url', 'student_forbidden_apps', 'student_require_dob', 'student_require_email', 'student_require_name', 'student_sync_interval', 'version_number']
2026-09-16 10:49:06,425 INFO oes database_initialized path=C:\Users\ih6382\Desktop\OESServer\Open-Exam-System-main\data\oes.sqlite3
2026-09-16 10:49:06,522 INFO oes config_read keys=['application_name', 'check_day_of_birth', 'check_email', 'check_firstname', 'check_info', 'check_secondname', 'cluster_discovery_cidr', 'cluster_discovery_port', 'cluster_enabled', 'cluster_replication_mode', 'database_backup_dir', 'database_backup_enabled', 'database_backup_interval', 'database_max_size_mb', 'database_url', 'database_wal', 'firewall_backend', 'firewall_enabled', 'https_only', 'log_level', 'log_retention_days', 'network_allowed_cidrs', 'network_public_url', 'release_date', 'server_host', 'server_port', 'session_cookie_secure', 'session_hours', 'ssh_allow_poweroff', 'ssh_connect_timeout', 'ssh_host', 'ssh_key_path', 'ssh_known_hosts', 'ssh_port', 'ssh_user', 'status', 'student_allowed_apps', 'student_exam_url', 'student_forbidden_apps', 'student_require_dob', 'student_require_email', 'student_require_name', 'student_sync_interval', 'version_number']
2026-09-16 10:49:06,524 INFO oes config_read keys=['application_name', 'check_day_of_birth', 'check_email', 'check_firstname', 'check_info', 'check_secondname', 'cluster_discovery_cidr', 'cluster_discovery_port', 'cluster_enabled', 'cluster_replication_mode', 'database_backup_dir', 'database_backup_enabled', 'database_backup_interval', 'database_max_size_mb', 'database_url', 'database_wal', 'firewall_backend', 'firewall_enabled', 'https_only', 'log_level', 'log_retention_days', 'network_allowed_cidrs', 'network_public_url', 'release_date', 'server_host', 'server_port', 'session_cookie_secure', 'session_hours', 'ssh_allow_poweroff', 'ssh_connect_timeout', 'ssh_host', 'ssh_key_path', 'ssh_known_hosts', 'ssh_port', 'ssh_user', 'status', 'student_allowed_apps', 'student_exam_url', 'student_forbidden_apps', 'student_require_dob', 'student_require_email', 'student_require_name', 'student_sync_interval', 'version_number']
2026-09-16 10:49:06,526 INFO oes teacher_accounts_initialized
2026-09-16 10:49:06,527 INFO oes config_read keys=['application_name', 'check_day_of_birth', 'check_email', 'check_firstname', 'check_info', 'check_secondname', 'cluster_discovery_cidr', 'cluster_discovery_port', 'cluster_enabled', 'cluster_replication_mode', 'database_backup_dir', 'database_backup_enabled', 'database_backup_interval', 'database_max_size_mb', 'database_url', 'database_wal', 'firewall_backend', 'firewall_enabled', 'https_only', 'log_level', 'log_retention_days', 'network_allowed_cidrs', 'network_public_url', 'release_date', 'server_host', 'server_port', 'session_cookie_secure', 'session_hours', 'ssh_allow_poweroff', 'ssh_connect_timeout', 'ssh_host', 'ssh_key_path', 'ssh_known_hosts', 'ssh_port', 'ssh_user', 'status', 'student_allowed_apps', 'student_exam_url', 'student_forbidden_apps', 'student_require_dob', 'student_require_email', 'student_require_name', 'student_sync_interval', 'version_number']
2026-09-16 10:49:06,529 INFO oes config_read keys=['application_name', 'check_day_of_birth', 'check_email', 'check_firstname', 'check_info', 'check_secondname', 'cluster_discovery_cidr', 'cluster_discovery_port', 'cluster_enabled', 'cluster_replication_mode', 'database_backup_dir', 'database_backup_enabled', 'database_backup_interval', 'database_max_size_mb', 'database_url', 'database_wal', 'firewall_backend', 'firewall_enabled', 'https_only', 'log_level', 'log_retention_days', 'network_allowed_cidrs', 'network_public_url', 'release_date', 'server_host', 'server_port', 'session_cookie_secure', 'session_hours', 'ssh_allow_poweroff', 'ssh_connect_timeout', 'ssh_host', 'ssh_key_path', 'ssh_known_hosts', 'ssh_port', 'ssh_user', 'status', 'student_allowed_apps', 'student_exam_url', 'student_forbidden_apps', 'student_require_dob', 'student_require_email', 'student_require_name', 'student_sync_interval', 'version_number']
2026-09-16 10:49:06,612 INFO oes config_read keys=['application_name', 'check_day_of_birth', 'check_email', 'check_firstname', 'check_info', 'check_secondname', 'cluster_discovery_cidr', 'cluster_discovery_port', 'cluster_enabled', 'cluster_replication_mode', 'database_backup_dir', 'database_backup_enabled', 'database_backup_interval', 'database_max_size_mb', 'database_url', 'database_wal', 'firewall_backend', 'firewall_enabled', 'https_only', 'log_level', 'log_retention_days', 'network_allowed_cidrs', 'network_public_url', 'release_date', 'server_host', 'server_port', 'session_cookie_secure', 'session_hours', 'ssh_allow_poweroff', 'ssh_connect_timeout', 'ssh_host', 'ssh_key_path', 'ssh_known_hosts', 'ssh_port', 'ssh_user', 'status', 'student_allowed_apps', 'student_exam_url', 'student_forbidden_apps', 'student_require_dob', 'student_require_email', 'student_require_name', 'student_sync_interval', 'version_number']
2026-09-16 10:49:06,614 INFO oes config_read keys=['application_name', 'check_day_of_birth', 'check_email', 'check_firstname', 'check_info', 'check_secondname', 'cluster_discovery_cidr', 'cluster_discovery_port', 'cluster_enabled', 'cluster_replication_mode', 'database_backup_dir', 'database_backup_enabled', 'database_backup_interval', 'database_max_size_mb', 'database_url', 'database_wal', 'firewall_backend', 'firewall_enabled', 'https_only', 'log_level', 'log_retention_days', 'network_allowed_cidrs', 'network_public_url', 'release_date', 'server_host', 'server_port', 'session_cookie_secure', 'session_hours', 'ssh_allow_poweroff', 'ssh_connect_timeout', 'ssh_host', 'ssh_key_path', 'ssh_known_hosts', 'ssh_port', 'ssh_user', 'status', 'student_allowed_apps', 'student_exam_url', 'student_forbidden_apps', 'student_require_dob', 'student_require_email', 'student_require_name', 'student_sync_interval', 'version_number']
2026-09-16 10:49:06,615 INFO oes teacher_accounts_initialized
2026-09-16 10:49:06,617 INFO oes config_read keys=['application_name', 'check_day_of_birth', 'check_email', 'check_firstname', 'check_info', 'check_secondname', 'cluster_discovery_cidr', 'cluster_discovery_port', 'cluster_enabled', 'cluster_replication_mode', 'database_backup_dir', 'database_backup_enabled', 'database_backup_interval', 'database_max_size_mb', 'database_url', 'database_wal', 'firewall_backend', 'firewall_enabled', 'https_only', 'log_level', 'log_retention_days', 'network_allowed_cidrs', 'network_public_url', 'release_date', 'server_host', 'server_port', 'session_cookie_secure', 'session_hours', 'ssh_allow_poweroff', 'ssh_connect_timeout', 'ssh_host', 'ssh_key_path', 'ssh_known_hosts', 'ssh_port', 'ssh_user', 'status', 'student_allowed_apps', 'student_exam_url', 'student_forbidden_apps', 'student_require_dob', 'student_require_email', 'student_require_name', 'student_sync_interval', 'version_number']
2026-09-16 10:49:06,620 INFO oes config_read keys=['application_name', 'check_day_of_birth', 'check_email', 'check_firstname', 'check_info', 'check_secondname', 'cluster_discovery_cidr', 'cluster_discovery_port', 'cluster_enabled', 'cluster_replication_mode', 'database_backup_dir', 'database_backup_enabled', 'database_backup_interval', 'database_max_size_mb', 'database_url', 'database_wal', 'firewall_backend', 'firewall_enabled', 'https_only', 'log_level', 'log_retention_days', 'network_allowed_cidrs', 'network_public_url', 'release_date', 'server_host', 'server_port', 'session_cookie_secure', 'session_hours', 'ssh_allow_poweroff', 'ssh_connect_timeout', 'ssh_host', 'ssh_key_path', 'ssh_known_hosts', 'ssh_port', 'ssh_user', 'status', 'student_allowed_apps', 'student_exam_url', 'student_forbidden_apps', 'student_require_dob', 'student_require_email', 'student_require_name', 'student_sync_interval', 'version_number']
2026-09-16 10:49:06,622 WARNING oes development_default_credentials_enabled change OES_ADMIN_PASSWORD and OES_TEACHER_PASSWORD before deployment
2026-09-16 10:49:43,068 INFO oes request method=GET path=/ status=200 duration_ms=9.41
2026-09-16 10:49:50,898 INFO oes config_read keys=['application_name', 'check_day_of_birth', 'check_email', 'check_firstname', 'check_info', 'check_secondname', 'cluster_discovery_cidr', 'cluster_discovery_port', 'cluster_enabled', 'cluster_replication_mode', 'database_backup_dir', 'database_backup_enabled', 'database_backup_interval', 'database_max_size_mb', 'database_url', 'database_wal', 'firewall_backend', 'firewall_enabled', 'https_only', 'log_level', 'log_retention_days', 'network_allowed_cidrs', 'network_public_url', 'release_date', 'server_host', 'server_port', 'session_cookie_secure', 'session_hours', 'ssh_allow_poweroff', 'ssh_connect_timeout', 'ssh_host', 'ssh_key_path', 'ssh_known_hosts', 'ssh_port', 'ssh_user', 'status', 'student_allowed_apps', 'student_exam_url', 'student_forbidden_apps', 'student_require_dob', 'student_require_email', 'student_require_name', 'student_sync_interval', 'version_number']
2026-09-16 10:49:50,899 INFO oes config_read keys=['application_name', 'check_day_of_birth', 'check_email', 'check_firstname', 'check_info', 'check_secondname', 'cluster_discovery_cidr', 'cluster_discovery_port', 'cluster_enabled', 'cluster_replication_mode', 'database_backup_dir', 'database_backup_enabled', 'database_backup_interval', 'database_max_size_mb', 'database_url', 'database_wal', 'firewall_backend', 'firewall_enabled', 'https_only', 'log_level', 'log_retention_days', 'network_allowed_cidrs', 'network_public_url', 'release_date', 'server_host', 'server_port', 'session_cookie_secure', 'session_hours', 'ssh_allow_poweroff', 'ssh_connect_timeout', 'ssh_host', 'ssh_key_path', 'ssh_known_hosts', 'ssh_port', 'ssh_user', 'status', 'student_allowed_apps', 'student_exam_url', 'student_forbidden_apps', 'student_require_dob', 'student_require_email', 'student_require_name', 'student_sync_interval', 'version_number']
2026-09-16 10:49:50,939 INFO oes session_created role=admin
2026-09-16 10:49:50,940 INFO oes request method=POST path=/login status=303 duration_ms=52.64
2026-09-16 10:49:50,951 INFO oes config_read keys=['application_name', 'check_day_of_birth', 'check_email', 'check_firstname', 'check_info', 'check_secondname', 'cluster_discovery_cidr', 'cluster_discovery_port', 'cluster_enabled', 'cluster_replication_mode', 'database_backup_dir', 'database_backup_enabled', 'database_backup_interval', 'database_max_size_mb', 'database_url', 'database_wal', 'firewall_backend', 'firewall_enabled', 'https_only', 'log_level', 'log_retention_days', 'network_allowed_cidrs', 'network_public_url', 'release_date', 'server_host', 'server_port', 'session_cookie_secure', 'session_hours', 'ssh_allow_poweroff', 'ssh_connect_timeout', 'ssh_host', 'ssh_key_path', 'ssh_known_hosts', 'ssh_port', 'ssh_user', 'status', 'student_allowed_apps', 'student_exam_url', 'student_forbidden_apps', 'student_require_dob', 'student_require_email', 'student_require_name', 'student_sync_interval', 'version_number']
2026-09-16 10:49:50,954 INFO oes request method=GET path=/admin/dashboard status=200 duration_ms=6.87
2026-09-16 10:49:54,728 INFO oes config_read keys=['application_name', 'check_day_of_birth', 'check_email', 'check_firstname', 'check_info', 'check_secondname', 'cluster_discovery_cidr', 'cluster_discovery_port', 'cluster_enabled', 'cluster_replication_mode', 'database_backup_dir', 'database_backup_enabled', 'database_backup_interval', 'database_max_size_mb', 'database_url', 'database_wal', 'firewall_backend', 'firewall_enabled', 'https_only', 'log_level', 'log_retention_days', 'network_allowed_cidrs', 'network_public_url', 'release_date', 'server_host', 'server_port', 'session_cookie_secure', 'session_hours', 'ssh_allow_poweroff', 'ssh_connect_timeout', 'ssh_host', 'ssh_key_path', 'ssh_known_hosts', 'ssh_port', 'ssh_user', 'status', 'student_allowed_apps', 'student_exam_url', 'student_forbidden_apps', 'student_require_dob', 'student_require_email', 'student_require_name', 'student_sync_interval', 'version_number']
2026-09-16 10:49:54,732 INFO oes request method=GET path=/admin/database status=200 duration_ms=9.55
2026-09-16 10:49:54,776 INFO oes config_read keys=['application_name', 'check_day_of_birth', 'check_email', 'check_firstname', 'check_info', 'check_secondname', 'cluster_discovery_cidr', 'cluster_discovery_port', 'cluster_enabled', 'cluster_replication_mode', 'database_backup_dir', 'database_backup_enabled', 'database_backup_interval', 'database_max_size_mb', 'database_url', 'database_wal', 'firewall_backend', 'firewall_enabled', 'https_only', 'log_level', 'log_retention_days', 'network_allowed_cidrs', 'network_public_url', 'release_date', 'server_host', 'server_port', 'session_cookie_secure', 'session_hours', 'ssh_allow_poweroff', 'ssh_connect_timeout', 'ssh_host', 'ssh_key_path', 'ssh_known_hosts', 'ssh_port', 'ssh_user', 'status', 'student_allowed_apps', 'student_exam_url', 'student_forbidden_apps', 'student_require_dob', 'student_require_email', 'student_require_name', 'student_sync_interval', 'version_number']
2026-09-16 10:49:54,780 INFO oes request method=GET path=/api/admin/config status=200 duration_ms=29.26
2026-09-16 10:49:57,716 INFO oes config_read keys=['application_name', 'check_day_of_birth', 'check_email', 'check_firstname', 'check_info', 'check_secondname', 'cluster_discovery_cidr', 'cluster_discovery_port', 'cluster_enabled', 'cluster_replication_mode', 'database_backup_dir', 'database_backup_enabled', 'database_backup_interval', 'database_max_size_mb', 'database_url', 'database_wal', 'firewall_backend', 'firewall_enabled', 'https_only', 'log_level', 'log_retention_days', 'network_allowed_cidrs', 'network_public_url', 'release_date', 'server_host', 'server_port', 'session_cookie_secure', 'session_hours', 'ssh_allow_poweroff', 'ssh_connect_timeout', 'ssh_host', 'ssh_key_path', 'ssh_known_hosts', 'ssh_port', 'ssh_user', 'status', 'student_allowed_apps', 'student_exam_url', 'student_forbidden_apps', 'student_require_dob', 'student_require_email', 'student_require_name', 'student_sync_interval', 'version_number']
2026-09-16 10:49:57,721 INFO oes request method=GET path=/admin/system status=200 duration_ms=7.94
2026-09-16 10:49:58,023 INFO oes request method=GET path=/api/admin/server/overview status=200 duration_ms=281.62
2026-09-16 10:50:01,655 INFO oes config_read keys=['application_name', 'check_day_of_birth', 'check_email', 'check_firstname', 'check_info', 'check_secondname', 'cluster_discovery_cidr', 'cluster_discovery_port', 'cluster_enabled', 'cluster_replication_mode', 'database_backup_dir', 'database_backup_enabled', 'database_backup_interval', 'database_max_size_mb', 'database_url', 'database_wal', 'firewall_backend', 'firewall_enabled', 'https_only', 'log_level', 'log_retention_days', 'network_allowed_cidrs', 'network_public_url', 'release_date', 'server_host', 'server_port', 'session_cookie_secure', 'session_hours', 'ssh_allow_poweroff', 'ssh_connect_timeout', 'ssh_host', 'ssh_key_path', 'ssh_known_hosts', 'ssh_port', 'ssh_user', 'status', 'student_allowed_apps', 'student_exam_url', 'student_forbidden_apps', 'student_require_dob', 'student_require_email', 'student_require_name', 'student_sync_interval', 'version_number']
2026-09-16 10:50:01,660 INFO oes request method=GET path=/admin/dashboard status=200 duration_ms=7.93
2026-09-16 10:50:06,104 INFO oes config_read keys=['application_name', 'check_day_of_birth', 'check_email', 'check_firstname', 'check_info', 'check_secondname', 'cluster_discovery_cidr', 'cluster_discovery_port', 'cluster_enabled', 'cluster_replication_mode', 'database_backup_dir', 'database_backup_enabled', 'database_backup_interval', 'database_max_size_mb', 'database_url', 'database_wal', 'firewall_backend', 'firewall_enabled', 'https_only', 'log_level', 'log_retention_days', 'network_allowed_cidrs', 'network_public_url', 'release_date', 'server_host', 'server_port', 'session_cookie_secure', 'session_hours', 'ssh_allow_poweroff', 'ssh_connect_timeout', 'ssh_host', 'ssh_key_path', 'ssh_known_hosts', 'ssh_port', 'ssh_user', 'status', 'student_allowed_apps', 'student_exam_url', 'student_forbidden_apps', 'student_require_dob', 'student_require_email', 'student_require_name', 'student_sync_interval', 'version_number']
2026-09-16 10:50:06,108 INFO oes request method=GET path=/admin/users status=200 duration_ms=6.21
2026-09-16 10:50:06,139 INFO oes config_read keys=['application_name', 'check_day_of_birth', 'check_email', 'check_firstname', 'check_info', 'check_secondname', 'cluster_discovery_cidr', 'cluster_discovery_port', 'cluster_enabled', 'cluster_replication_mode', 'database_backup_dir', 'database_backup_enabled', 'database_backup_interval', 'database_max_size_mb', 'database_url', 'database_wal', 'firewall_backend', 'firewall_enabled', 'https_only', 'log_level', 'log_retention_days', 'network_allowed_cidrs', 'network_public_url', 'release_date', 'server_host', 'server_port', 'session_cookie_secure', 'session_hours', 'ssh_allow_poweroff', 'ssh_connect_timeout', 'ssh_host', 'ssh_key_path', 'ssh_known_hosts', 'ssh_port', 'ssh_user', 'status', 'student_allowed_apps', 'student_exam_url', 'student_forbidden_apps', 'student_require_dob', 'student_require_email', 'student_require_name', 'student_sync_interval', 'version_number']
2026-09-16 10:50:06,142 INFO oes config_read keys=['application_name', 'check_day_of_birth', 'check_email', 'check_firstname', 'check_info', 'check_secondname', 'cluster_discovery_cidr', 'cluster_discovery_port', 'cluster_enabled', 'cluster_replication_mode', 'database_backup_dir', 'database_backup_enabled', 'database_backup_interval', 'database_max_size_mb', 'database_url', 'database_wal', 'firewall_backend', 'firewall_enabled', 'https_only', 'log_level', 'log_retention_days', 'network_allowed_cidrs', 'network_public_url', 'release_date', 'server_host', 'server_port', 'session_cookie_secure', 'session_hours', 'ssh_allow_poweroff', 'ssh_connect_timeout', 'ssh_host', 'ssh_key_path', 'ssh_known_hosts', 'ssh_port', 'ssh_user', 'status', 'student_allowed_apps', 'student_exam_url', 'student_forbidden_apps', 'student_require_dob', 'student_require_email', 'student_require_name', 'student_sync_interval', 'version_number']
2026-09-16 10:50:06,152 INFO oes teacher_accounts_initialized
2026-09-16 10:50:06,155 INFO oes config_read keys=['application_name', 'check_day_of_birth', 'check_email', 'check_firstname', 'check_info', 'check_secondname', 'cluster_discovery_cidr', 'cluster_discovery_port', 'cluster_enabled', 'cluster_replication_mode', 'database_backup_dir', 'database_backup_enabled', 'database_backup_interval', 'database_max_size_mb', 'database_url', 'database_wal', 'firewall_backend', 'firewall_enabled', 'https_only', 'log_level', 'log_retention_days', 'network_allowed_cidrs', 'network_public_url', 'release_date', 'server_host', 'server_port', 'session_cookie_secure', 'session_hours', 'ssh_allow_poweroff', 'ssh_connect_timeout', 'ssh_host', 'ssh_key_path', 'ssh_known_hosts', 'ssh_port', 'ssh_user', 'status', 'student_allowed_apps', 'student_exam_url', 'student_forbidden_apps', 'student_require_dob', 'student_require_email', 'student_require_name', 'student_sync_interval', 'version_number']
2026-09-16 10:50:06,159 INFO oes config_read keys=['application_name', 'check_day_of_birth', 'check_email', 'check_firstname', 'check_info', 'check_secondname', 'cluster_discovery_cidr', 'cluster_discovery_port', 'cluster_enabled', 'cluster_replication_mode', 'database_backup_dir', 'database_backup_enabled', 'database_backup_interval', 'database_max_size_mb', 'database_url', 'database_wal', 'firewall_backend', 'firewall_enabled', 'https_only', 'log_level', 'log_retention_days', 'network_allowed_cidrs', 'network_public_url', 'release_date', 'server_host', 'server_port', 'session_cookie_secure', 'session_hours', 'ssh_allow_poweroff', 'ssh_connect_timeout', 'ssh_host', 'ssh_key_path', 'ssh_known_hosts', 'ssh_port', 'ssh_user', 'status', 'student_allowed_apps', 'student_exam_url', 'student_forbidden_apps', 'student_require_dob', 'student_require_email', 'student_require_name', 'student_sync_interval', 'version_number']
2026-09-16 10:50:06,162 INFO oes request method=GET path=/api/admin/teachers status=200 duration_ms=40.15
2026-09-16 10:50:18,013 INFO oes config_read keys=['application_name', 'check_day_of_birth', 'check_email', 'check_firstname', 'check_info', 'check_secondname', 'cluster_discovery_cidr', 'cluster_discovery_port', 'cluster_enabled', 'cluster_replication_mode', 'database_backup_dir', 'database_backup_enabled', 'database_backup_interval', 'database_max_size_mb', 'database_url', 'database_wal', 'firewall_backend', 'firewall_enabled', 'https_only', 'log_level', 'log_retention_days', 'network_allowed_cidrs', 'network_public_url', 'release_date', 'server_host', 'server_port', 'session_cookie_secure', 'session_hours', 'ssh_allow_poweroff', 'ssh_connect_timeout', 'ssh_host', 'ssh_key_path', 'ssh_known_hosts', 'ssh_port', 'ssh_user', 'status', 'student_allowed_apps', 'student_exam_url', 'student_forbidden_apps', 'student_require_dob', 'student_require_email', 'student_require_name', 'student_sync_interval', 'version_number']
2026-09-16 10:50:18,018 INFO oes request method=GET path=/admin/students status=200 duration_ms=8.01
2026-09-16 10:50:36,132 INFO oes config_read keys=['application_name', 'check_day_of_birth', 'check_email', 'check_firstname', 'check_info', 'check_secondname', 'cluster_discovery_cidr', 'cluster_discovery_port', 'cluster_enabled', 'cluster_replication_mode', 'database_backup_dir', 'database_backup_enabled', 'database_backup_interval', 'database_max_size_mb', 'database_url', 'database_wal', 'firewall_backend', 'firewall_enabled', 'https_only', 'log_level', 'log_retention_days', 'network_allowed_cidrs', 'network_public_url', 'release_date', 'server_host', 'server_port', 'session_cookie_secure', 'session_hours', 'ssh_allow_poweroff', 'ssh_connect_timeout', 'ssh_host', 'ssh_key_path', 'ssh_known_hosts', 'ssh_port', 'ssh_user', 'status', 'student_allowed_apps', 'student_exam_url', 'student_forbidden_apps', 'student_require_dob', 'student_require_email', 'student_require_name', 'student_sync_interval', 'version_number']
2026-09-16 10:50:36,135 INFO oes request method=GET path=/admin/system status=200 duration_ms=6.37
2026-09-16 10:50:36,155 INFO oes request method=GET path=/api/admin/server/overview status=200 duration_ms=1.91
2026-09-16 10:50:37,647 INFO oes config_read keys=['application_name', 'check_day_of_birth', 'check_email', 'check_firstname', 'check_info', 'check_secondname', 'cluster_discovery_cidr', 'cluster_discovery_port', 'cluster_enabled', 'cluster_replication_mode', 'database_backup_dir', 'database_backup_enabled', 'database_backup_interval', 'database_max_size_mb', 'database_url', 'database_wal', 'firewall_backend', 'firewall_enabled', 'https_only', 'log_level', 'log_retention_days', 'network_allowed_cidrs', 'network_public_url', 'release_date', 'server_host', 'server_port', 'session_cookie_secure', 'session_hours', 'ssh_allow_poweroff', 'ssh_connect_timeout', 'ssh_host', 'ssh_key_path', 'ssh_known_hosts', 'ssh_port', 'ssh_user', 'status', 'student_allowed_apps', 'student_exam_url', 'student_forbidden_apps', 'student_require_dob', 'student_require_email', 'student_require_name', 'student_sync_interval', 'version_number']
2026-09-16 10:50:37,652 INFO oes request method=GET path=/admin/dashboard status=200 duration_ms=6.62
2026-09-16 10:50:54,027 INFO oes request method=POST path=/login status=401 duration_ms=77.61
2026-09-16 10:51:02,532 INFO oes request method=POST path=/login status=401 duration_ms=39.33
2026-09-16 10:51:12,909 INFO oes config_read keys=['application_name', 'check_day_of_birth', 'check_email', 'check_firstname', 'check_info', 'check_secondname', 'cluster_discovery_cidr', 'cluster_discovery_port', 'cluster_enabled', 'cluster_replication_mode', 'database_backup_dir', 'database_backup_enabled', 'database_backup_interval', 'database_max_size_mb', 'database_url', 'database_wal', 'firewall_backend', 'firewall_enabled', 'https_only', 'log_level', 'log_retention_days', 'network_allowed_cidrs', 'network_public_url', 'release_date', 'server_host', 'server_port', 'session_cookie_secure', 'session_hours', 'ssh_allow_poweroff', 'ssh_connect_timeout', 'ssh_host', 'ssh_key_path', 'ssh_known_hosts', 'ssh_port', 'ssh_user', 'status', 'student_allowed_apps', 'student_exam_url', 'student_forbidden_apps', 'student_require_dob', 'student_require_email', 'student_require_name', 'student_sync_interval', 'version_number']
2026-09-16 10:51:12,911 INFO oes request method=GET path=/admin/users status=200 duration_ms=6.81
2026-09-16 10:51:12,933 INFO oes config_read keys=['application_name', 'check_day_of_birth', 'check_email', 'check_firstname', 'check_info', 'check_secondname', 'cluster_discovery_cidr', 'cluster_discovery_port', 'cluster_enabled', 'cluster_replication_mode', 'database_backup_dir', 'database_backup_enabled', 'database_backup_interval', 'database_max_size_mb', 'database_url', 'database_wal', 'firewall_backend', 'firewall_enabled', 'https_only', 'log_level', 'log_retention_days', 'network_allowed_cidrs', 'network_public_url', 'release_date', 'server_host', 'server_port', 'session_cookie_secure', 'session_hours', 'ssh_allow_poweroff', 'ssh_connect_timeout', 'ssh_host', 'ssh_key_path', 'ssh_known_hosts', 'ssh_port', 'ssh_user', 'status', 'student_allowed_apps', 'student_exam_url', 'student_forbidden_apps', 'student_require_dob', 'student_require_email', 'student_require_name', 'student_sync_interval', 'version_number']
2026-09-16 10:51:12,936 INFO oes config_read keys=['application_name', 'check_day_of_birth', 'check_email', 'check_firstname', 'check_info', 'check_secondname', 'cluster_discovery_cidr', 'cluster_discovery_port', 'cluster_enabled', 'cluster_replication_mode', 'database_backup_dir', 'database_backup_enabled', 'database_backup_interval', 'database_max_size_mb', 'database_url', 'database_wal', 'firewall_backend', 'firewall_enabled', 'https_only', 'log_level', 'log_retention_days', 'network_allowed_cidrs', 'network_public_url', 'release_date', 'server_host', 'server_port', 'session_cookie_secure', 'session_hours', 'ssh_allow_poweroff', 'ssh_connect_timeout', 'ssh_host', 'ssh_key_path', 'ssh_known_hosts', 'ssh_port', 'ssh_user', 'status', 'student_allowed_apps', 'student_exam_url', 'student_forbidden_apps', 'student_require_dob', 'student_require_email', 'student_require_name', 'student_sync_interval', 'version_number']
2026-09-16 10:51:12,939 INFO oes teacher_accounts_initialized
2026-09-16 10:51:12,942 INFO oes config_read keys=['application_name', 'check_day_of_birth', 'check_email', 'check_firstname', 'check_info', 'check_secondname', 'cluster_discovery_cidr', 'cluster_discovery_port', 'cluster_enabled', 'cluster_replication_mode', 'database_backup_dir', 'database_backup_enabled', 'database_backup_interval', 'database_max_size_mb', 'database_url', 'database_wal', 'firewall_backend', 'firewall_enabled', 'https_only', 'log_level', 'log_retention_days', 'network_allowed_cidrs', 'network_public_url', 'release_date', 'server_host', 'server_port', 'session_cookie_secure', 'session_hours', 'ssh_allow_poweroff', 'ssh_connect_timeout', 'ssh_host', 'ssh_key_path', 'ssh_known_hosts', 'ssh_port', 'ssh_user', 'status', 'student_allowed_apps', 'student_exam_url', 'student_forbidden_apps', 'student_require_dob', 'student_require_email', 'student_require_name', 'student_sync_interval', 'version_number']
2026-09-16 10:51:12,947 INFO oes config_read keys=['application_name', 'check_day_of_birth', 'check_email', 'check_firstname', 'check_info', 'check_secondname', 'cluster_discovery_cidr', 'cluster_discovery_port', 'cluster_enabled', 'cluster_replication_mode', 'database_backup_dir', 'database_backup_enabled', 'database_backup_interval', 'database_max_size_mb', 'database_url', 'database_wal', 'firewall_backend', 'firewall_enabled', 'https_only', 'log_level', 'log_retention_days', 'network_allowed_cidrs', 'network_public_url', 'release_date', 'server_host', 'server_port', 'session_cookie_secure', 'session_hours', 'ssh_allow_poweroff', 'ssh_connect_timeout', 'ssh_host', 'ssh_key_path', 'ssh_known_hosts', 'ssh_port', 'ssh_user', 'status', 'student_allowed_apps', 'student_exam_url', 'student_forbidden_apps', 'student_require_dob', 'student_require_email', 'student_require_name', 'student_sync_interval', 'version_number']
2026-09-16 10:51:12,951 INFO oes request method=GET path=/api/admin/teachers status=200 duration_ms=22.84
2026-09-16 10:51:28,889 INFO oes config_read keys=['application_name', 'check_day_of_birth', 'check_email', 'check_firstname', 'check_info', 'check_secondname', 'cluster_discovery_cidr', 'cluster_discovery_port', 'cluster_enabled', 'cluster_replication_mode', 'database_backup_dir', 'database_backup_enabled', 'database_backup_interval', 'database_max_size_mb', 'database_url', 'database_wal', 'firewall_backend', 'firewall_enabled', 'https_only', 'log_level', 'log_retention_days', 'network_allowed_cidrs', 'network_public_url', 'release_date', 'server_host', 'server_port', 'session_cookie_secure', 'session_hours', 'ssh_allow_poweroff', 'ssh_connect_timeout', 'ssh_host', 'ssh_key_path', 'ssh_known_hosts', 'ssh_port', 'ssh_user', 'status', 'student_allowed_apps', 'student_exam_url', 'student_forbidden_apps', 'student_require_dob', 'student_require_email', 'student_require_name', 'student_sync_interval', 'version_number']
2026-09-16 10:51:28,892 INFO oes config_read keys=['application_name', 'check_day_of_birth', 'check_email', 'check_firstname', 'check_info', 'check_secondname', 'cluster_discovery_cidr', 'cluster_discovery_port', 'cluster_enabled', 'cluster_replication_mode', 'database_backup_dir', 'database_backup_enabled', 'database_backup_interval', 'database_max_size_mb', 'database_url', 'database_wal', 'firewall_backend', 'firewall_enabled', 'https_only', 'log_level', 'log_retention_days', 'network_allowed_cidrs', 'network_public_url', 'release_date', 'server_host', 'server_port', 'session_cookie_secure', 'session_hours', 'ssh_allow_poweroff', 'ssh_connect_timeout', 'ssh_host', 'ssh_key_path', 'ssh_known_hosts', 'ssh_port', 'ssh_user', 'status', 'student_allowed_apps', 'student_exam_url', 'student_forbidden_apps', 'student_require_dob', 'student_require_email', 'student_require_name', 'student_sync_interval', 'version_number']
2026-09-16 10:51:28,899 INFO oes teacher_accounts_initialized
2026-09-16 10:51:28,902 INFO oes config_read keys=['application_name', 'check_day_of_birth', 'check_email', 'check_firstname', 'check_info', 'check_secondname', 'cluster_discovery_cidr', 'cluster_discovery_port', 'cluster_enabled', 'cluster_replication_mode', 'database_backup_dir', 'database_backup_enabled', 'database_backup_interval', 'database_max_size_mb', 'database_url', 'database_wal', 'firewall_backend', 'firewall_enabled', 'https_only', 'log_level', 'log_retention_days', 'network_allowed_cidrs', 'network_public_url', 'release_date', 'server_host', 'server_port', 'session_cookie_secure', 'session_hours', 'ssh_allow_poweroff', 'ssh_connect_timeout', 'ssh_host', 'ssh_key_path', 'ssh_known_hosts', 'ssh_port', 'ssh_user', 'status', 'student_allowed_apps', 'student_exam_url', 'student_forbidden_apps', 'student_require_dob', 'student_require_email', 'student_require_name', 'student_sync_interval', 'version_number']
2026-09-16 10:51:28,904 INFO oes config_read keys=['application_name', 'check_day_of_birth', 'check_email', 'check_firstname', 'check_info', 'check_secondname', 'cluster_discovery_cidr', 'cluster_discovery_port', 'cluster_enabled', 'cluster_replication_mode', 'database_backup_dir', 'database_backup_enabled', 'database_backup_interval', 'database_max_size_mb', 'database_url', 'database_wal', 'firewall_backend', 'firewall_enabled', 'https_only', 'log_level', 'log_retention_days', 'network_allowed_cidrs', 'network_public_url', 'release_date', 'server_host', 'server_port', 'session_cookie_secure', 'session_hours', 'ssh_allow_poweroff', 'ssh_connect_timeout', 'ssh_host', 'ssh_key_path', 'ssh_known_hosts', 'ssh_port', 'ssh_user', 'status', 'student_allowed_apps', 'student_exam_url', 'student_forbidden_apps', 'student_require_dob', 'student_require_email', 'student_require_name', 'student_sync_interval', 'version_number']
2026-09-16 10:51:29,020 INFO oes teacher_account_created username=nakkivene
2026-09-16 10:51:29,021 INFO oes request method=POST path=/api/admin/teachers status=303 duration_ms=140.27
2026-09-16 10:51:29,078 INFO oes config_read keys=['application_name', 'check_day_of_birth', 'check_email', 'check_firstname', 'check_info', 'check_secondname', 'cluster_discovery_cidr', 'cluster_discovery_port', 'cluster_enabled', 'cluster_replication_mode', 'database_backup_dir', 'database_backup_enabled', 'database_backup_interval', 'database_max_size_mb', 'database_url', 'database_wal', 'firewall_backend', 'firewall_enabled', 'https_only', 'log_level', 'log_retention_days', 'network_allowed_cidrs', 'network_public_url', 'release_date', 'server_host', 'server_port', 'session_cookie_secure', 'session_hours', 'ssh_allow_poweroff', 'ssh_connect_timeout', 'ssh_host', 'ssh_key_path', 'ssh_known_hosts', 'ssh_port', 'ssh_user', 'status', 'student_allowed_apps', 'student_exam_url', 'student_forbidden_apps', 'student_require_dob', 'student_require_email', 'student_require_name', 'student_sync_interval', 'version_number']
2026-09-16 10:51:29,080 INFO oes request method=GET path=/admin/users status=200 duration_ms=2.99
2026-09-16 10:51:29,101 INFO oes config_read keys=['application_name', 'check_day_of_birth', 'check_email', 'check_firstname', 'check_info', 'check_secondname', 'cluster_discovery_cidr', 'cluster_discovery_port', 'cluster_enabled', 'cluster_replication_mode', 'database_backup_dir', 'database_backup_enabled', 'database_backup_interval', 'database_max_size_mb', 'database_url', 'database_wal', 'firewall_backend', 'firewall_enabled', 'https_only', 'log_level', 'log_retention_days', 'network_allowed_cidrs', 'network_public_url', 'release_date', 'server_host', 'server_port', 'session_cookie_secure', 'session_hours', 'ssh_allow_poweroff', 'ssh_connect_timeout', 'ssh_host', 'ssh_key_path', 'ssh_known_hosts', 'ssh_port', 'ssh_user', 'status', 'student_allowed_apps', 'student_exam_url', 'student_forbidden_apps', 'student_require_dob', 'student_require_email', 'student_require_name', 'student_sync_interval', 'version_number']
2026-09-16 10:51:29,105 INFO oes config_read keys=['application_name', 'check_day_of_birth', 'check_email', 'check_firstname', 'check_info', 'check_secondname', 'cluster_discovery_cidr', 'cluster_discovery_port', 'cluster_enabled', 'cluster_replication_mode', 'database_backup_dir', 'database_backup_enabled', 'database_backup_interval', 'database_max_size_mb', 'database_url', 'database_wal', 'firewall_backend', 'firewall_enabled', 'https_only', 'log_level', 'log_retention_days', 'network_allowed_cidrs', 'network_public_url', 'release_date', 'server_host', 'server_port', 'session_cookie_secure', 'session_hours', 'ssh_allow_poweroff', 'ssh_connect_timeout', 'ssh_host', 'ssh_key_path', 'ssh_known_hosts', 'ssh_port', 'ssh_user', 'status', 'student_allowed_apps', 'student_exam_url', 'student_forbidden_apps', 'student_require_dob', 'student_require_email', 'student_require_name', 'student_sync_interval', 'version_number']
2026-09-16 10:51:29,109 INFO oes teacher_accounts_initialized
2026-09-16 10:51:29,111 INFO oes config_read keys=['application_name', 'check_day_of_birth', 'check_email', 'check_firstname', 'check_info', 'check_secondname', 'cluster_discovery_cidr', 'cluster_discovery_port', 'cluster_enabled', 'cluster_replication_mode', 'database_backup_dir', 'database_backup_enabled', 'database_backup_interval', 'database_max_size_mb', 'database_url', 'database_wal', 'firewall_backend', 'firewall_enabled', 'https_only', 'log_level', 'log_retention_days', 'network_allowed_cidrs', 'network_public_url', 'release_date', 'server_host', 'server_port', 'session_cookie_secure', 'session_hours', 'ssh_allow_poweroff', 'ssh_connect_timeout', 'ssh_host', 'ssh_key_path', 'ssh_known_hosts', 'ssh_port', 'ssh_user', 'status', 'student_allowed_apps', 'student_exam_url', 'student_forbidden_apps', 'student_require_dob', 'student_require_email', 'student_require_name', 'student_sync_interval', 'version_number']
2026-09-16 10:51:29,115 INFO oes config_read keys=['application_name', 'check_day_of_birth', 'check_email', 'check_firstname', 'check_info', 'check_secondname', 'cluster_discovery_cidr', 'cluster_discovery_port', 'cluster_enabled', 'cluster_replication_mode', 'database_backup_dir', 'database_backup_enabled', 'database_backup_interval', 'database_max_size_mb', 'database_url', 'database_wal', 'firewall_backend', 'firewall_enabled', 'https_only', 'log_level', 'log_retention_days', 'network_allowed_cidrs', 'network_public_url', 'release_date', 'server_host', 'server_port', 'session_cookie_secure', 'session_hours', 'ssh_allow_poweroff', 'ssh_connect_timeout', 'ssh_host', 'ssh_key_path', 'ssh_known_hosts', 'ssh_port', 'ssh_user', 'status', 'student_allowed_apps', 'student_exam_url', 'student_forbidden_apps', 'student_require_dob', 'student_require_email', 'student_require_name', 'student_sync_interval', 'version_number']
2026-09-16 10:51:29,121 INFO oes request method=GET path=/api/admin/teachers status=200 duration_ms=23.85
2026-09-16 10:51:41,532 INFO oes request method=POST path=/login status=401 duration_ms=19.06
2026-09-16 10:53:28,375 INFO oes config_read keys=['application_name', 'check_day_of_birth', 'check_email', 'check_firstname', 'check_info', 'check_secondname', 'cluster_discovery_cidr', 'cluster_discovery_port', 'cluster_enabled', 'cluster_replication_mode', 'database_backup_dir', 'database_backup_enabled', 'database_backup_interval', 'database_max_size_mb', 'database_url', 'database_wal', 'firewall_backend', 'firewall_enabled', 'https_only', 'log_level', 'log_retention_days', 'network_allowed_cidrs', 'network_public_url', 'release_date', 'server_host', 'server_port', 'session_cookie_secure', 'session_hours', 'ssh_allow_poweroff', 'ssh_connect_timeout', 'ssh_host', 'ssh_key_path', 'ssh_known_hosts', 'ssh_port', 'ssh_user', 'status', 'student_allowed_apps', 'student_exam_url', 'student_forbidden_apps', 'student_require_dob', 'student_require_email', 'student_require_name', 'student_sync_interval', 'version_number']
2026-09-16 10:53:28,382 INFO oes config_read keys=['application_name', 'check_day_of_birth', 'check_email', 'check_firstname', 'check_info', 'check_secondname', 'cluster_discovery_cidr', 'cluster_discovery_port', 'cluster_enabled', 'cluster_replication_mode', 'database_backup_dir', 'database_backup_enabled', 'database_backup_interval', 'database_max_size_mb', 'database_url', 'database_wal', 'firewall_backend', 'firewall_enabled', 'https_only', 'log_level', 'log_retention_days', 'network_allowed_cidrs', 'network_public_url', 'release_date', 'server_host', 'server_port', 'session_cookie_secure', 'session_hours', 'ssh_allow_poweroff', 'ssh_connect_timeout', 'ssh_host', 'ssh_key_path', 'ssh_known_hosts', 'ssh_port', 'ssh_user', 'status', 'student_allowed_apps', 'student_exam_url', 'student_forbidden_apps', 'student_require_dob', 'student_require_email', 'student_require_name', 'student_sync_interval', 'version_number']
2026-09-16 10:53:28,391 INFO oes database_initialized path=C:\Users\ih6382\Desktop\OESServer\Open-Exam-System-main\data\oes.sqlite3
2026-09-16 10:53:28,392 INFO oes config_read keys=['application_name', 'check_day_of_birth', 'check_email', 'check_firstname', 'check_info', 'check_secondname', 'cluster_discovery_cidr', 'cluster_discovery_port', 'cluster_enabled', 'cluster_replication_mode', 'database_backup_dir', 'database_backup_enabled', 'database_backup_interval', 'database_max_size_mb', 'database_url', 'database_wal', 'firewall_backend', 'firewall_enabled', 'https_only', 'log_level', 'log_retention_days', 'network_allowed_cidrs', 'network_public_url', 'release_date', 'server_host', 'server_port', 'session_cookie_secure', 'session_hours', 'ssh_allow_poweroff', 'ssh_connect_timeout', 'ssh_host', 'ssh_key_path', 'ssh_known_hosts', 'ssh_port', 'ssh_user', 'status', 'student_allowed_apps', 'student_exam_url', 'student_forbidden_apps', 'student_require_dob', 'student_require_email', 'student_require_name', 'student_sync_interval', 'version_number']
2026-09-16 10:53:28,396 INFO oes config_read keys=['application_name', 'check_day_of_birth', 'check_email', 'check_firstname', 'check_info', 'check_secondname', 'cluster_discovery_cidr', 'cluster_discovery_port', 'cluster_enabled', 'cluster_replication_mode', 'database_backup_dir', 'database_backup_enabled', 'database_backup_interval', 'database_max_size_mb', 'database_url', 'database_wal', 'firewall_backend', 'firewall_enabled', 'https_only', 'log_level', 'log_retention_days', 'network_allowed_cidrs', 'network_public_url', 'release_date', 'server_host', 'server_port', 'session_cookie_secure', 'session_hours', 'ssh_allow_poweroff', 'ssh_connect_timeout', 'ssh_host', 'ssh_key_path', 'ssh_known_hosts', 'ssh_port', 'ssh_user', 'status', 'student_allowed_apps', 'student_exam_url', 'student_forbidden_apps', 'student_require_dob', 'student_require_email', 'student_require_name', 'student_sync_interval', 'version_number']
2026-09-16 10:53:28,399 INFO oes teacher_accounts_initialized
2026-09-16 10:53:28,400 INFO oes config_read keys=['application_name', 'check_day_of_birth', 'check_email', 'check_firstname', 'check_info', 'check_secondname', 'cluster_discovery_cidr', 'cluster_discovery_port', 'cluster_enabled', 'cluster_replication_mode', 'database_backup_dir', 'database_backup_enabled', 'database_backup_interval', 'database_max_size_mb', 'database_url', 'database_wal', 'firewall_backend', 'firewall_enabled', 'https_only', 'log_level', 'log_retention_days', 'network_allowed_cidrs', 'network_public_url', 'release_date', 'server_host', 'server_port', 'session_cookie_secure', 'session_hours', 'ssh_allow_poweroff', 'ssh_connect_timeout', 'ssh_host', 'ssh_key_path', 'ssh_known_hosts', 'ssh_port', 'ssh_user', 'status', 'student_allowed_apps', 'student_exam_url', 'student_forbidden_apps', 'student_require_dob', 'student_require_email', 'student_require_name', 'student_sync_interval', 'version_number']
2026-09-16 10:53:28,401 INFO oes config_read keys=['application_name', 'check_day_of_birth', 'check_email', 'check_firstname', 'check_info', 'check_secondname', 'cluster_discovery_cidr', 'cluster_discovery_port', 'cluster_enabled', 'cluster_replication_mode', 'database_backup_dir', 'database_backup_enabled', 'database_backup_interval', 'database_max_size_mb', 'database_url', 'database_wal', 'firewall_backend', 'firewall_enabled', 'https_only', 'log_level', 'log_retention_days', 'network_allowed_cidrs', 'network_public_url', 'release_date', 'server_host', 'server_port', 'session_cookie_secure', 'session_hours', 'ssh_allow_poweroff', 'ssh_connect_timeout', 'ssh_host', 'ssh_key_path', 'ssh_known_hosts', 'ssh_port', 'ssh_user', 'status', 'student_allowed_apps', 'student_exam_url', 'student_forbidden_apps', 'student_require_dob', 'student_require_email', 'student_require_name', 'student_sync_interval', 'version_number']
2026-09-16 10:53:28,403 INFO oes config_read keys=['application_name', 'check_day_of_birth', 'check_email', 'check_firstname', 'check_info', 'check_secondname', 'cluster_discovery_cidr', 'cluster_discovery_port', 'cluster_enabled', 'cluster_replication_mode', 'database_backup_dir', 'database_backup_enabled', 'database_backup_interval', 'database_max_size_mb', 'database_url', 'database_wal', 'firewall_backend', 'firewall_enabled', 'https_only', 'log_level', 'log_retention_days', 'network_allowed_cidrs', 'network_public_url', 'release_date', 'server_host', 'server_port', 'session_cookie_secure', 'session_hours', 'ssh_allow_poweroff', 'ssh_connect_timeout', 'ssh_host', 'ssh_key_path', 'ssh_known_hosts', 'ssh_port', 'ssh_user', 'status', 'student_allowed_apps', 'student_exam_url', 'student_forbidden_apps', 'student_require_dob', 'student_require_email', 'student_require_name', 'student_sync_interval', 'version_number']
2026-09-16 10:53:28,404 INFO oes config_read keys=['application_name', 'check_day_of_birth', 'check_email', 'check_firstname', 'check_info', 'check_secondname', 'cluster_discovery_cidr', 'cluster_discovery_port', 'cluster_enabled', 'cluster_replication_mode', 'database_backup_dir', 'database_backup_enabled', 'database_backup_interval', 'database_max_size_mb', 'database_url', 'database_wal', 'firewall_backend', 'firewall_enabled', 'https_only', 'log_level', 'log_retention_days', 'network_allowed_cidrs', 'network_public_url', 'release_date', 'server_host', 'server_port', 'session_cookie_secure', 'session_hours', 'ssh_allow_poweroff', 'ssh_connect_timeout', 'ssh_host', 'ssh_key_path', 'ssh_known_hosts', 'ssh_port', 'ssh_user', 'status', 'student_allowed_apps', 'student_exam_url', 'student_forbidden_apps', 'student_require_dob', 'student_require_email', 'student_require_name', 'student_sync_interval', 'version_number']
2026-09-16 10:53:28,406 INFO oes teacher_accounts_initialized
2026-09-16 10:53:28,407 INFO oes config_read keys=['application_name', 'check_day_of_birth', 'check_email', 'check_firstname', 'check_info', 'check_secondname', 'cluster_discovery_cidr', 'cluster_discovery_port', 'cluster_enabled', 'cluster_replication_mode', 'database_backup_dir', 'database_backup_enabled', 'database_backup_interval', 'database_max_size_mb', 'database_url', 'database_wal', 'firewall_backend', 'firewall_enabled', 'https_only', 'log_level', 'log_retention_days', 'network_allowed_cidrs', 'network_public_url', 'release_date', 'server_host', 'server_port', 'session_cookie_secure', 'session_hours', 'ssh_allow_poweroff', 'ssh_connect_timeout', 'ssh_host', 'ssh_key_path', 'ssh_known_hosts', 'ssh_port', 'ssh_user', 'status', 'student_allowed_apps', 'student_exam_url', 'student_forbidden_apps', 'student_require_dob', 'student_require_email', 'student_require_name', 'student_sync_interval', 'version_number']
2026-09-16 10:53:28,411 INFO oes config_read keys=['application_name', 'check_day_of_birth', 'check_email', 'check_firstname', 'check_info', 'check_secondname', 'cluster_discovery_cidr', 'cluster_discovery_port', 'cluster_enabled', 'cluster_replication_mode', 'database_backup_dir', 'database_backup_enabled', 'database_backup_interval', 'database_max_size_mb', 'database_url', 'database_wal', 'firewall_backend', 'firewall_enabled', 'https_only', 'log_level', 'log_retention_days', 'network_allowed_cidrs', 'network_public_url', 'release_date', 'server_host', 'server_port', 'session_cookie_secure', 'session_hours', 'ssh_allow_poweroff', 'ssh_connect_timeout', 'ssh_host', 'ssh_key_path', 'ssh_known_hosts', 'ssh_port', 'ssh_user', 'status', 'student_allowed_apps', 'student_exam_url', 'student_forbidden_apps', 'student_require_dob', 'student_require_email', 'student_require_name', 'student_sync_interval', 'version_number']
2026-09-16 10:55:20,820 INFO oes config_read keys=['application_name', 'check_day_of_birth', 'check_email', 'check_firstname', 'check_info', 'check_secondname', 'cluster_discovery_cidr', 'cluster_discovery_port', 'cluster_enabled', 'cluster_replication_mode', 'database_backup_dir', 'database_backup_enabled', 'database_backup_interval', 'database_max_size_mb', 'database_url', 'database_wal', 'firewall_backend', 'firewall_enabled', 'https_only', 'log_level', 'log_retention_days', 'network_allowed_cidrs', 'network_public_url', 'release_date', 'server_host', 'server_port', 'session_cookie_secure', 'session_hours', 'ssh_allow_poweroff', 'ssh_connect_timeout', 'ssh_host', 'ssh_key_path', 'ssh_known_hosts', 'ssh_port', 'ssh_user', 'status', 'student_allowed_apps', 'student_exam_url', 'student_forbidden_apps', 'student_require_dob', 'student_require_email', 'student_require_name', 'student_sync_interval', 'version_number']
2026-09-16 10:55:20,823 INFO oes config_read keys=['application_name', 'check_day_of_birth', 'check_email', 'check_firstname', 'check_info', 'check_secondname', 'cluster_discovery_cidr', 'cluster_discovery_port', 'cluster_enabled', 'cluster_replication_mode', 'database_backup_dir', 'database_backup_enabled', 'database_backup_interval', 'database_max_size_mb', 'database_url', 'database_wal', 'firewall_backend', 'firewall_enabled', 'https_only', 'log_level', 'log_retention_days', 'network_allowed_cidrs', 'network_public_url', 'release_date', 'server_host', 'server_port', 'session_cookie_secure', 'session_hours', 'ssh_allow_poweroff', 'ssh_connect_timeout', 'ssh_host', 'ssh_key_path', 'ssh_known_hosts', 'ssh_port', 'ssh_user', 'status', 'student_allowed_apps', 'student_exam_url', 'student_forbidden_apps', 'student_require_dob', 'student_require_email', 'student_require_name', 'student_sync_interval', 'version_number']
2026-09-16 10:55:20,826 INFO oes database_initialized path=C:\Users\ih6382\Desktop\OESServer\Open-Exam-System-main\data\oes.sqlite3
2026-09-16 10:55:20,918 INFO oes config_read keys=['application_name', 'check_day_of_birth', 'check_email', 'check_firstname', 'check_info', 'check_secondname', 'cluster_discovery_cidr', 'cluster_discovery_port', 'cluster_enabled', 'cluster_replication_mode', 'database_backup_dir', 'database_backup_enabled', 'database_backup_interval', 'database_max_size_mb', 'database_url', 'database_wal', 'firewall_backend', 'firewall_enabled', 'https_only', 'log_level', 'log_retention_days', 'network_allowed_cidrs', 'network_public_url', 'release_date', 'server_host', 'server_port', 'session_cookie_secure', 'session_hours', 'ssh_allow_poweroff', 'ssh_connect_timeout', 'ssh_host', 'ssh_key_path', 'ssh_known_hosts', 'ssh_port', 'ssh_user', 'status', 'student_allowed_apps', 'student_exam_url', 'student_forbidden_apps', 'student_require_dob', 'student_require_email', 'student_require_name', 'student_sync_interval', 'version_number']
2026-09-16 10:55:20,920 INFO oes config_read keys=['application_name', 'check_day_of_birth', 'check_email', 'check_firstname', 'check_info', 'check_secondname', 'cluster_discovery_cidr', 'cluster_discovery_port', 'cluster_enabled', 'cluster_replication_mode', 'database_backup_dir', 'database_backup_enabled', 'database_backup_interval', 'database_max_size_mb', 'database_url', 'database_wal', 'firewall_backend', 'firewall_enabled', 'https_only', 'log_level', 'log_retention_days', 'network_allowed_cidrs', 'network_public_url', 'release_date', 'server_host', 'server_port', 'session_cookie_secure', 'session_hours', 'ssh_allow_poweroff', 'ssh_connect_timeout', 'ssh_host', 'ssh_key_path', 'ssh_known_hosts', 'ssh_port', 'ssh_user', 'status', 'student_allowed_apps', 'student_exam_url', 'student_forbidden_apps', 'student_require_dob', 'student_require_email', 'student_require_name', 'student_sync_interval', 'version_number']
2026-09-16 10:55:20,922 INFO oes teacher_accounts_initialized
2026-09-16 10:55:20,923 INFO oes config_read keys=['application_name', 'check_day_of_birth', 'check_email', 'check_firstname', 'check_info', 'check_secondname', 'cluster_discovery_cidr', 'cluster_discovery_port', 'cluster_enabled', 'cluster_replication_mode', 'database_backup_dir', 'database_backup_enabled', 'database_backup_interval', 'database_max_size_mb', 'database_url', 'database_wal', 'firewall_backend', 'firewall_enabled', 'https_only', 'log_level', 'log_retention_days', 'network_allowed_cidrs', 'network_public_url', 'release_date', 'server_host', 'server_port', 'session_cookie_secure', 'session_hours', 'ssh_allow_poweroff', 'ssh_connect_timeout', 'ssh_host', 'ssh_key_path', 'ssh_known_hosts', 'ssh_port', 'ssh_user', 'status', 'student_allowed_apps', 'student_exam_url', 'student_forbidden_apps', 'student_require_dob', 'student_require_email', 'student_require_name', 'student_sync_interval', 'version_number']
2026-09-16 10:55:20,924 INFO oes config_read keys=['application_name', 'check_day_of_birth', 'check_email', 'check_firstname', 'check_info', 'check_secondname', 'cluster_discovery_cidr', 'cluster_discovery_port', 'cluster_enabled', 'cluster_replication_mode', 'database_backup_dir', 'database_backup_enabled', 'database_backup_interval', 'database_max_size_mb', 'database_url', 'database_wal', 'firewall_backend', 'firewall_enabled', 'https_only', 'log_level', 'log_retention_days', 'network_allowed_cidrs', 'network_public_url', 'release_date', 'server_host', 'server_port', 'session_cookie_secure', 'session_hours', 'ssh_allow_poweroff', 'ssh_connect_timeout', 'ssh_host', 'ssh_key_path', 'ssh_known_hosts', 'ssh_port', 'ssh_user', 'status', 'student_allowed_apps', 'student_exam_url', 'student_forbidden_apps', 'student_require_dob', 'student_require_email', 'student_require_name', 'student_sync_interval', 'version_number']
2026-09-16 10:55:21,036 INFO oes config_read keys=['application_name', 'check_day_of_birth', 'check_email', 'check_firstname', 'check_info', 'check_secondname', 'cluster_discovery_cidr', 'cluster_discovery_port', 'cluster_enabled', 'cluster_replication_mode', 'database_backup_dir', 'database_backup_enabled', 'database_backup_interval', 'database_max_size_mb', 'database_url', 'database_wal', 'firewall_backend', 'firewall_enabled', 'https_only', 'log_level', 'log_retention_days', 'network_allowed_cidrs', 'network_public_url', 'release_date', 'server_host', 'server_port', 'session_cookie_secure', 'session_hours', 'ssh_allow_poweroff', 'ssh_connect_timeout', 'ssh_host', 'ssh_key_path', 'ssh_known_hosts', 'ssh_port', 'ssh_user', 'status', 'student_allowed_apps', 'student_exam_url', 'student_forbidden_apps', 'student_require_dob', 'student_require_email', 'student_require_name', 'student_sync_interval', 'version_number']
2026-09-16 10:55:21,038 INFO oes config_read keys=['application_name', 'check_day_of_birth', 'check_email', 'check_firstname', 'check_info', 'check_secondname', 'cluster_discovery_cidr', 'cluster_discovery_port', 'cluster_enabled', 'cluster_replication_mode', 'database_backup_dir', 'database_backup_enabled', 'database_backup_interval', 'database_max_size_mb', 'database_url', 'database_wal', 'firewall_backend', 'firewall_enabled', 'https_only', 'log_level', 'log_retention_days', 'network_allowed_cidrs', 'network_public_url', 'release_date', 'server_host', 'server_port', 'session_cookie_secure', 'session_hours', 'ssh_allow_poweroff', 'ssh_connect_timeout', 'ssh_host', 'ssh_key_path', 'ssh_known_hosts', 'ssh_port', 'ssh_user', 'status', 'student_allowed_apps', 'student_exam_url', 'student_forbidden_apps', 'student_require_dob', 'student_require_email', 'student_require_name', 'student_sync_interval', 'version_number']
2026-09-16 10:55:21,077 INFO oes teacher_accounts_initialized
2026-09-16 10:55:21,080 INFO oes config_read keys=['application_name', 'check_day_of_birth', 'check_email', 'check_firstname', 'check_info', 'check_secondname', 'cluster_discovery_cidr', 'cluster_discovery_port', 'cluster_enabled', 'cluster_replication_mode', 'database_backup_dir', 'database_backup_enabled', 'database_backup_interval', 'database_max_size_mb', 'database_url', 'database_wal', 'firewall_backend', 'firewall_enabled', 'https_only', 'log_level', 'log_retention_days', 'network_allowed_cidrs', 'network_public_url', 'release_date', 'server_host', 'server_port', 'session_cookie_secure', 'session_hours', 'ssh_allow_poweroff', 'ssh_connect_timeout', 'ssh_host', 'ssh_key_path', 'ssh_known_hosts', 'ssh_port', 'ssh_user', 'status', 'student_allowed_apps', 'student_exam_url', 'student_forbidden_apps', 'student_require_dob', 'student_require_email', 'student_require_name', 'student_sync_interval', 'version_number']
2026-09-16 10:55:21,086 INFO oes config_read keys=['application_name', 'check_day_of_birth', 'check_email', 'check_firstname', 'check_info', 'check_secondname', 'cluster_discovery_cidr', 'cluster_discovery_port', 'cluster_enabled', 'cluster_replication_mode', 'database_backup_dir', 'database_backup_enabled', 'database_backup_interval', 'database_max_size_mb', 'database_url', 'database_wal', 'firewall_backend', 'firewall_enabled', 'https_only', 'log_level', 'log_retention_days', 'network_allowed_cidrs', 'network_public_url', 'release_date', 'server_host', 'server_port', 'session_cookie_secure', 'session_hours', 'ssh_allow_poweroff', 'ssh_connect_timeout', 'ssh_host', 'ssh_key_path', 'ssh_known_hosts', 'ssh_port', 'ssh_user', 'status', 'student_allowed_apps', 'student_exam_url', 'student_forbidden_apps', 'student_require_dob', 'student_require_email', 'student_require_name', 'student_sync_interval', 'version_number']
2026-09-16 10:55:21,143 INFO oes config_read keys=['application_name', 'check_day_of_birth', 'check_email', 'check_firstname', 'check_info', 'check_secondname', 'cluster_discovery_cidr', 'cluster_discovery_port', 'cluster_enabled', 'cluster_replication_mode', 'database_backup_dir', 'database_backup_enabled', 'database_backup_interval', 'database_max_size_mb', 'database_url', 'database_wal', 'firewall_backend', 'firewall_enabled', 'https_only', 'log_level', 'log_retention_days', 'network_allowed_cidrs', 'network_public_url', 'release_date', 'server_host', 'server_port', 'session_cookie_secure', 'session_hours', 'ssh_allow_poweroff', 'ssh_connect_timeout', 'ssh_host', 'ssh_key_path', 'ssh_known_hosts', 'ssh_port', 'ssh_user', 'status', 'student_allowed_apps', 'student_exam_url', 'student_forbidden_apps', 'student_require_dob', 'student_require_email', 'student_require_name', 'student_sync_interval', 'version_number']
2026-09-16 10:55:21,168 INFO oes session_created role=admin
2026-09-16 10:55:22,374 INFO oes config_read keys=['application_name', 'check_day_of_birth', 'check_email', 'check_firstname', 'check_info', 'check_secondname', 'cluster_discovery_cidr', 'cluster_discovery_port', 'cluster_enabled', 'cluster_replication_mode', 'database_backup_dir', 'database_backup_enabled', 'database_backup_interval', 'database_max_size_mb', 'database_url', 'database_wal', 'firewall_backend', 'firewall_enabled', 'https_only', 'log_level', 'log_retention_days', 'network_allowed_cidrs', 'network_public_url', 'release_date', 'server_host', 'server_port', 'session_cookie_secure', 'session_hours', 'ssh_allow_poweroff', 'ssh_connect_timeout', 'ssh_host', 'ssh_key_path', 'ssh_known_hosts', 'ssh_port', 'ssh_user', 'status', 'student_allowed_apps', 'student_exam_url', 'student_forbidden_apps', 'student_require_dob', 'student_require_email', 'student_require_name', 'student_sync_interval', 'version_number']
2026-09-16 10:55:22,376 INFO oes config_read keys=['application_name', 'check_day_of_birth', 'check_email', 'check_firstname', 'check_info', 'check_secondname', 'cluster_discovery_cidr', 'cluster_discovery_port', 'cluster_enabled', 'cluster_replication_mode', 'database_backup_dir', 'database_backup_enabled', 'database_backup_interval', 'database_max_size_mb', 'database_url', 'database_wal', 'firewall_backend', 'firewall_enabled', 'https_only', 'log_level', 'log_retention_days', 'network_allowed_cidrs', 'network_public_url', 'release_date', 'server_host', 'server_port', 'session_cookie_secure', 'session_hours', 'ssh_allow_poweroff', 'ssh_connect_timeout', 'ssh_host', 'ssh_key_path', 'ssh_known_hosts', 'ssh_port', 'ssh_user', 'status', 'student_allowed_apps', 'student_exam_url', 'student_forbidden_apps', 'student_require_dob', 'student_require_email', 'student_require_name', 'student_sync_interval', 'version_number']
2026-09-16 10:55:22,379 INFO oes teacher_accounts_initialized
2026-09-16 10:55:22,382 INFO oes config_read keys=['application_name', 'check_day_of_birth', 'check_email', 'check_firstname', 'check_info', 'check_secondname', 'cluster_discovery_cidr', 'cluster_discovery_port', 'cluster_enabled', 'cluster_replication_mode', 'database_backup_dir', 'database_backup_enabled', 'database_backup_interval', 'database_max_size_mb', 'database_url', 'database_wal', 'firewall_backend', 'firewall_enabled', 'https_only', 'log_level', 'log_retention_days', 'network_allowed_cidrs', 'network_public_url', 'release_date', 'server_host', 'server_port', 'session_cookie_secure', 'session_hours', 'ssh_allow_poweroff', 'ssh_connect_timeout', 'ssh_host', 'ssh_key_path', 'ssh_known_hosts', 'ssh_port', 'ssh_user', 'status', 'student_allowed_apps', 'student_exam_url', 'student_forbidden_apps', 'student_require_dob', 'student_require_email', 'student_require_name', 'student_sync_interval', 'version_number']
2026-09-16 10:55:22,383 INFO oes config_read keys=['application_name', 'check_day_of_birth', 'check_email', 'check_firstname', 'check_info', 'check_secondname', 'cluster_discovery_cidr', 'cluster_discovery_port', 'cluster_enabled', 'cluster_replication_mode', 'database_backup_dir', 'database_backup_enabled', 'database_backup_interval', 'database_max_size_mb', 'database_url', 'database_wal', 'firewall_backend', 'firewall_enabled', 'https_only', 'log_level', 'log_retention_days', 'network_allowed_cidrs', 'network_public_url', 'release_date', 'server_host', 'server_port', 'session_cookie_secure', 'session_hours', 'ssh_allow_poweroff', 'ssh_connect_timeout', 'ssh_host', 'ssh_key_path', 'ssh_known_hosts', 'ssh_port', 'ssh_user', 'status', 'student_allowed_apps', 'student_exam_url', 'student_forbidden_apps', 'student_require_dob', 'student_require_email', 'student_require_name', 'student_sync_interval', 'version_number']
2026-09-16 10:55:22,472 INFO oes teacher_password_reset username=teacher found=True
2026-09-16 10:55:22,473 INFO oes request method=POST path=/api/admin/teachers/teacher/password status=303 duration_ms=103.09
2026-09-16 10:55:22,484 INFO oes config_read keys=['application_name', 'check_day_of_birth', 'check_email', 'check_firstname', 'check_info', 'check_secondname', 'cluster_discovery_cidr', 'cluster_discovery_port', 'cluster_enabled', 'cluster_replication_mode', 'database_backup_dir', 'database_backup_enabled', 'database_backup_interval', 'database_max_size_mb', 'database_url', 'database_wal', 'firewall_backend', 'firewall_enabled', 'https_only', 'log_level', 'log_retention_days', 'network_allowed_cidrs', 'network_public_url', 'release_date', 'server_host', 'server_port', 'session_cookie_secure', 'session_hours', 'ssh_allow_poweroff', 'ssh_connect_timeout', 'ssh_host', 'ssh_key_path', 'ssh_known_hosts', 'ssh_port', 'ssh_user', 'status', 'student_allowed_apps', 'student_exam_url', 'student_forbidden_apps', 'student_require_dob', 'student_require_email', 'student_require_name', 'student_sync_interval', 'version_number']
2026-09-16 10:55:22,486 INFO oes request method=GET path=/admin/users status=200 duration_ms=7.45
2026-09-16 10:55:43,750 INFO oes config_read keys=['application_name', 'check_day_of_birth', 'check_email', 'check_firstname', 'check_info', 'check_secondname', 'cluster_discovery_cidr', 'cluster_discovery_port', 'cluster_enabled', 'cluster_replication_mode', 'database_backup_dir', 'database_backup_enabled', 'database_backup_interval', 'database_max_size_mb', 'database_url', 'database_wal', 'firewall_backend', 'firewall_enabled', 'https_only', 'log_level', 'log_retention_days', 'network_allowed_cidrs', 'network_public_url', 'release_date', 'server_host', 'server_port', 'session_cookie_secure', 'session_hours', 'ssh_allow_poweroff', 'ssh_connect_timeout', 'ssh_host', 'ssh_key_path', 'ssh_known_hosts', 'ssh_port', 'ssh_user', 'status', 'student_allowed_apps', 'student_exam_url', 'student_forbidden_apps', 'student_require_dob', 'student_require_email', 'student_require_name', 'student_sync_interval', 'version_number']
2026-09-16 10:55:43,754 INFO oes config_read keys=['application_name', 'check_day_of_birth', 'check_email', 'check_firstname', 'check_info', 'check_secondname', 'cluster_discovery_cidr', 'cluster_discovery_port', 'cluster_enabled', 'cluster_replication_mode', 'database_backup_dir', 'database_backup_enabled', 'database_backup_interval', 'database_max_size_mb', 'database_url', 'database_wal', 'firewall_backend', 'firewall_enabled', 'https_only', 'log_level', 'log_retention_days', 'network_allowed_cidrs', 'network_public_url', 'release_date', 'server_host', 'server_port', 'session_cookie_secure', 'session_hours', 'ssh_allow_poweroff', 'ssh_connect_timeout', 'ssh_host', 'ssh_key_path', 'ssh_known_hosts', 'ssh_port', 'ssh_user', 'status', 'student_allowed_apps', 'student_exam_url', 'student_forbidden_apps', 'student_require_dob', 'student_require_email', 'student_require_name', 'student_sync_interval', 'version_number']
2026-09-16 10:55:43,761 INFO oes database_initialized path=C:\Users\ih6382\Desktop\OESServer\Open-Exam-System-main\data\oes.sqlite3
2026-09-16 10:55:43,766 INFO oes config_read keys=['application_name', 'check_day_of_birth', 'check_email', 'check_firstname', 'check_info', 'check_secondname', 'cluster_discovery_cidr', 'cluster_discovery_port', 'cluster_enabled', 'cluster_replication_mode', 'database_backup_dir', 'database_backup_enabled', 'database_backup_interval', 'database_max_size_mb', 'database_url', 'database_wal', 'firewall_backend', 'firewall_enabled', 'https_only', 'log_level', 'log_retention_days', 'network_allowed_cidrs', 'network_public_url', 'release_date', 'server_host', 'server_port', 'session_cookie_secure', 'session_hours', 'ssh_allow_poweroff', 'ssh_connect_timeout', 'ssh_host', 'ssh_key_path', 'ssh_known_hosts', 'ssh_port', 'ssh_user', 'status', 'student_allowed_apps', 'student_exam_url', 'student_forbidden_apps', 'student_require_dob', 'student_require_email', 'student_require_name', 'student_sync_interval', 'version_number']
2026-09-16 10:55:43,768 INFO oes config_read keys=['application_name', 'check_day_of_birth', 'check_email', 'check_firstname', 'check_info', 'check_secondname', 'cluster_discovery_cidr', 'cluster_discovery_port', 'cluster_enabled', 'cluster_replication_mode', 'database_backup_dir', 'database_backup_enabled', 'database_backup_interval', 'database_max_size_mb', 'database_url', 'database_wal', 'firewall_backend', 'firewall_enabled', 'https_only', 'log_level', 'log_retention_days', 'network_allowed_cidrs', 'network_public_url', 'release_date', 'server_host', 'server_port', 'session_cookie_secure', 'session_hours', 'ssh_allow_poweroff', 'ssh_connect_timeout', 'ssh_host', 'ssh_key_path', 'ssh_known_hosts', 'ssh_port', 'ssh_user', 'status', 'student_allowed_apps', 'student_exam_url', 'student_forbidden_apps', 'student_require_dob', 'student_require_email', 'student_require_name', 'student_sync_interval', 'version_number']
2026-09-16 10:55:43,771 INFO oes teacher_accounts_initialized
2026-09-16 10:55:43,772 INFO oes config_read keys=['application_name', 'check_day_of_birth', 'check_email', 'check_firstname', 'check_info', 'check_secondname', 'cluster_discovery_cidr', 'cluster_discovery_port', 'cluster_enabled', 'cluster_replication_mode', 'database_backup_dir', 'database_backup_enabled', 'database_backup_interval', 'database_max_size_mb', 'database_url', 'database_wal', 'firewall_backend', 'firewall_enabled', 'https_only', 'log_level', 'log_retention_days', 'network_allowed_cidrs', 'network_public_url', 'release_date', 'server_host', 'server_port', 'session_cookie_secure', 'session_hours', 'ssh_allow_poweroff', 'ssh_connect_timeout', 'ssh_host', 'ssh_key_path', 'ssh_known_hosts', 'ssh_port', 'ssh_user', 'status', 'student_allowed_apps', 'student_exam_url', 'student_forbidden_apps', 'student_require_dob', 'student_require_email', 'student_require_name', 'student_sync_interval', 'version_number']
2026-09-16 10:55:43,776 INFO oes config_read keys=['application_name', 'check_day_of_birth', 'check_email', 'check_firstname', 'check_info', 'check_secondname', 'cluster_discovery_cidr', 'cluster_discovery_port', 'cluster_enabled', 'cluster_replication_mode', 'database_backup_dir', 'database_backup_enabled', 'database_backup_interval', 'database_max_size_mb', 'database_url', 'database_wal', 'firewall_backend', 'firewall_enabled', 'https_only', 'log_level', 'log_retention_days', 'network_allowed_cidrs', 'network_public_url', 'release_date', 'server_host', 'server_port', 'session_cookie_secure', 'session_hours', 'ssh_allow_poweroff', 'ssh_connect_timeout', 'ssh_host', 'ssh_key_path', 'ssh_known_hosts', 'ssh_port', 'ssh_user', 'status', 'student_allowed_apps', 'student_exam_url', 'student_forbidden_apps', 'student_require_dob', 'student_require_email', 'student_require_name', 'student_sync_interval', 'version_number']
2026-09-16 10:55:44,075 INFO oes config_read keys=['application_name', 'check_day_of_birth', 'check_email', 'check_firstname', 'check_info', 'check_secondname', 'cluster_discovery_cidr', 'cluster_discovery_port', 'cluster_enabled', 'cluster_replication_mode', 'database_backup_dir', 'database_backup_enabled', 'database_backup_interval', 'database_max_size_mb', 'database_url', 'database_wal', 'firewall_backend', 'firewall_enabled', 'https_only', 'log_level', 'log_retention_days', 'network_allowed_cidrs', 'network_public_url', 'release_date', 'server_host', 'server_port', 'session_cookie_secure', 'session_hours', 'ssh_allow_poweroff', 'ssh_connect_timeout', 'ssh_host', 'ssh_key_path', 'ssh_known_hosts', 'ssh_port', 'ssh_user', 'status', 'student_allowed_apps', 'student_exam_url', 'student_forbidden_apps', 'student_require_dob', 'student_require_email', 'student_require_name', 'student_sync_interval', 'version_number']
2026-09-16 10:55:44,077 INFO oes config_read keys=['application_name', 'check_day_of_birth', 'check_email', 'check_firstname', 'check_info', 'check_secondname', 'cluster_discovery_cidr', 'cluster_discovery_port', 'cluster_enabled', 'cluster_replication_mode', 'database_backup_dir', 'database_backup_enabled', 'database_backup_interval', 'database_max_size_mb', 'database_url', 'database_wal', 'firewall_backend', 'firewall_enabled', 'https_only', 'log_level', 'log_retention_days', 'network_allowed_cidrs', 'network_public_url', 'release_date', 'server_host', 'server_port', 'session_cookie_secure', 'session_hours', 'ssh_allow_poweroff', 'ssh_connect_timeout', 'ssh_host', 'ssh_key_path', 'ssh_known_hosts', 'ssh_port', 'ssh_user', 'status', 'student_allowed_apps', 'student_exam_url', 'student_forbidden_apps', 'student_require_dob', 'student_require_email', 'student_require_name', 'student_sync_interval', 'version_number']
2026-09-16 10:55:44,081 INFO oes teacher_accounts_initialized
2026-09-16 10:55:44,082 INFO oes config_read keys=['application_name', 'check_day_of_birth', 'check_email', 'check_firstname', 'check_info', 'check_secondname', 'cluster_discovery_cidr', 'cluster_discovery_port', 'cluster_enabled', 'cluster_replication_mode', 'database_backup_dir', 'database_backup_enabled', 'database_backup_interval', 'database_max_size_mb', 'database_url', 'database_wal', 'firewall_backend', 'firewall_enabled', 'https_only', 'log_level', 'log_retention_days', 'network_allowed_cidrs', 'network_public_url', 'release_date', 'server_host', 'server_port', 'session_cookie_secure', 'session_hours', 'ssh_allow_poweroff', 'ssh_connect_timeout', 'ssh_host', 'ssh_key_path', 'ssh_known_hosts', 'ssh_port', 'ssh_user', 'status', 'student_allowed_apps', 'student_exam_url', 'student_forbidden_apps', 'student_require_dob', 'student_require_email', 'student_require_name', 'student_sync_interval', 'version_number']
2026-09-16 10:55:44,084 INFO oes config_read keys=['application_name', 'check_day_of_birth', 'check_email', 'check_firstname', 'check_info', 'check_secondname', 'cluster_discovery_cidr', 'cluster_discovery_port', 'cluster_enabled', 'cluster_replication_mode', 'database_backup_dir', 'database_backup_enabled', 'database_backup_interval', 'database_max_size_mb', 'database_url', 'database_wal', 'firewall_backend', 'firewall_enabled', 'https_only', 'log_level', 'log_retention_days', 'network_allowed_cidrs', 'network_public_url', 'release_date', 'server_host', 'server_port', 'session_cookie_secure', 'session_hours', 'ssh_allow_poweroff', 'ssh_connect_timeout', 'ssh_host', 'ssh_key_path', 'ssh_known_hosts', 'ssh_port', 'ssh_user', 'status', 'student_allowed_apps', 'student_exam_url', 'student_forbidden_apps', 'student_require_dob', 'student_require_email', 'student_require_name', 'student_sync_interval', 'version_number']
2026-09-16 10:55:44,120 INFO oes config_read keys=['application_name', 'check_day_of_birth', 'check_email', 'check_firstname', 'check_info', 'check_secondname', 'cluster_discovery_cidr', 'cluster_discovery_port', 'cluster_enabled', 'cluster_replication_mode', 'database_backup_dir', 'database_backup_enabled', 'database_backup_interval', 'database_max_size_mb', 'database_url', 'database_wal', 'firewall_backend', 'firewall_enabled', 'https_only', 'log_level', 'log_retention_days', 'network_allowed_cidrs', 'network_public_url', 'release_date', 'server_host', 'server_port', 'session_cookie_secure', 'session_hours', 'ssh_allow_poweroff', 'ssh_connect_timeout', 'ssh_host', 'ssh_key_path', 'ssh_known_hosts', 'ssh_port', 'ssh_user', 'status', 'student_allowed_apps', 'student_exam_url', 'student_forbidden_apps', 'student_require_dob', 'student_require_email', 'student_require_name', 'student_sync_interval', 'version_number']
2026-09-16 10:55:44,122 INFO oes config_read keys=['application_name', 'check_day_of_birth', 'check_email', 'check_firstname', 'check_info', 'check_secondname', 'cluster_discovery_cidr', 'cluster_discovery_port', 'cluster_enabled', 'cluster_replication_mode', 'database_backup_dir', 'database_backup_enabled', 'database_backup_interval', 'database_max_size_mb', 'database_url', 'database_wal', 'firewall_backend', 'firewall_enabled', 'https_only', 'log_level', 'log_retention_days', 'network_allowed_cidrs', 'network_public_url', 'release_date', 'server_host', 'server_port', 'session_cookie_secure', 'session_hours', 'ssh_allow_poweroff', 'ssh_connect_timeout', 'ssh_host', 'ssh_key_path', 'ssh_known_hosts', 'ssh_port', 'ssh_user', 'status', 'student_allowed_apps', 'student_exam_url', 'student_forbidden_apps', 'student_require_dob', 'student_require_email', 'student_require_name', 'student_sync_interval', 'version_number']
2026-09-16 10:55:44,124 INFO oes teacher_accounts_initialized
2026-09-16 10:55:44,125 INFO oes config_read keys=['application_name', 'check_day_of_birth', 'check_email', 'check_firstname', 'check_info', 'check_secondname', 'cluster_discovery_cidr', 'cluster_discovery_port', 'cluster_enabled', 'cluster_replication_mode', 'database_backup_dir', 'database_backup_enabled', 'database_backup_interval', 'database_max_size_mb', 'database_url', 'database_wal', 'firewall_backend', 'firewall_enabled', 'https_only', 'log_level', 'log_retention_days', 'network_allowed_cidrs', 'network_public_url', 'release_date', 'server_host', 'server_port', 'session_cookie_secure', 'session_hours', 'ssh_allow_poweroff', 'ssh_connect_timeout', 'ssh_host', 'ssh_key_path', 'ssh_known_hosts', 'ssh_port', 'ssh_user', 'status', 'student_allowed_apps', 'student_exam_url', 'student_forbidden_apps', 'student_require_dob', 'student_require_email', 'student_require_name', 'student_sync_interval', 'version_number']
2026-09-16 10:55:44,126 INFO oes config_read keys=['application_name', 'check_day_of_birth', 'check_email', 'check_firstname', 'check_info', 'check_secondname', 'cluster_discovery_cidr', 'cluster_discovery_port', 'cluster_enabled', 'cluster_replication_mode', 'database_backup_dir', 'database_backup_enabled', 'database_backup_interval', 'database_max_size_mb', 'database_url', 'database_wal', 'firewall_backend', 'firewall_enabled', 'https_only', 'log_level', 'log_retention_days', 'network_allowed_cidrs', 'network_public_url', 'release_date', 'server_host', 'server_port', 'session_cookie_secure', 'session_hours', 'ssh_allow_poweroff', 'ssh_connect_timeout', 'ssh_host', 'ssh_key_path', 'ssh_known_hosts', 'ssh_port', 'ssh_user', 'status', 'student_allowed_apps', 'student_exam_url', 'student_forbidden_apps', 'student_require_dob', 'student_require_email', 'student_require_name', 'student_sync_interval', 'version_number']
2026-09-16 10:55:44,250 INFO oes config_read keys=['application_name', 'check_day_of_birth', 'check_email', 'check_firstname', 'check_info', 'check_secondname', 'cluster_discovery_cidr', 'cluster_discovery_port', 'cluster_enabled', 'cluster_replication_mode', 'database_backup_dir', 'database_backup_enabled', 'database_backup_interval', 'database_max_size_mb', 'database_url', 'database_wal', 'firewall_backend', 'firewall_enabled', 'https_only', 'log_level', 'log_retention_days', 'network_allowed_cidrs', 'network_public_url', 'release_date', 'server_host', 'server_port', 'session_cookie_secure', 'session_hours', 'ssh_allow_poweroff', 'ssh_connect_timeout', 'ssh_host', 'ssh_key_path', 'ssh_known_hosts', 'ssh_port', 'ssh_user', 'status', 'student_allowed_apps', 'student_exam_url', 'student_forbidden_apps', 'student_require_dob', 'student_require_email', 'student_require_name', 'student_sync_interval', 'version_number']
2026-09-16 10:55:44,251 INFO oes config_read keys=['application_name', 'check_day_of_birth', 'check_email', 'check_firstname', 'check_info', 'check_secondname', 'cluster_discovery_cidr', 'cluster_discovery_port', 'cluster_enabled', 'cluster_replication_mode', 'database_backup_dir', 'database_backup_enabled', 'database_backup_interval', 'database_max_size_mb', 'database_url', 'database_wal', 'firewall_backend', 'firewall_enabled', 'https_only', 'log_level', 'log_retention_days', 'network_allowed_cidrs', 'network_public_url', 'release_date', 'server_host', 'server_port', 'session_cookie_secure', 'session_hours', 'ssh_allow_poweroff', 'ssh_connect_timeout', 'ssh_host', 'ssh_key_path', 'ssh_known_hosts', 'ssh_port', 'ssh_user', 'status', 'student_allowed_apps', 'student_exam_url', 'student_forbidden_apps', 'student_require_dob', 'student_require_email', 'student_require_name', 'student_sync_interval', 'version_number']
2026-09-16 10:55:44,252 INFO oes config_read keys=['application_name', 'check_day_of_birth', 'check_email', 'check_firstname', 'check_info', 'check_secondname', 'cluster_discovery_cidr', 'cluster_discovery_port', 'cluster_enabled', 'cluster_replication_mode', 'database_backup_dir', 'database_backup_enabled', 'database_backup_interval', 'database_max_size_mb', 'database_url', 'database_wal', 'firewall_backend', 'firewall_enabled', 'https_only', 'log_level', 'log_retention_days', 'network_allowed_cidrs', 'network_public_url', 'release_date', 'server_host', 'server_port', 'session_cookie_secure', 'session_hours', 'ssh_allow_poweroff', 'ssh_connect_timeout', 'ssh_host', 'ssh_key_path', 'ssh_known_hosts', 'ssh_port', 'ssh_user', 'status', 'student_allowed_apps', 'student_exam_url', 'student_forbidden_apps', 'student_require_dob', 'student_require_email', 'student_require_name', 'student_sync_interval', 'version_number']
2026-09-16 10:55:44,254 INFO oes teacher_accounts_initialized
2026-09-16 10:55:44,255 INFO oes config_read keys=['application_name', 'check_day_of_birth', 'check_email', 'check_firstname', 'check_info', 'check_secondname', 'cluster_discovery_cidr', 'cluster_discovery_port', 'cluster_enabled', 'cluster_replication_mode', 'database_backup_dir', 'database_backup_enabled', 'database_backup_interval', 'database_max_size_mb', 'database_url', 'database_wal', 'firewall_backend', 'firewall_enabled', 'https_only', 'log_level', 'log_retention_days', 'network_allowed_cidrs', 'network_public_url', 'release_date', 'server_host', 'server_port', 'session_cookie_secure', 'session_hours', 'ssh_allow_poweroff', 'ssh_connect_timeout', 'ssh_host', 'ssh_key_path', 'ssh_known_hosts', 'ssh_port', 'ssh_user', 'status', 'student_allowed_apps', 'student_exam_url', 'student_forbidden_apps', 'student_require_dob', 'student_require_email', 'student_require_name', 'student_sync_interval', 'version_number']
2026-09-16 10:55:44,256 INFO oes config_read keys=['application_name', 'check_day_of_birth', 'check_email', 'check_firstname', 'check_info', 'check_secondname', 'cluster_discovery_cidr', 'cluster_discovery_port', 'cluster_enabled', 'cluster_replication_mode', 'database_backup_dir', 'database_backup_enabled', 'database_backup_interval', 'database_max_size_mb', 'database_url', 'database_wal', 'firewall_backend', 'firewall_enabled', 'https_only', 'log_level', 'log_retention_days', 'network_allowed_cidrs', 'network_public_url', 'release_date', 'server_host', 'server_port', 'session_cookie_secure', 'session_hours', 'ssh_allow_poweroff', 'ssh_connect_timeout', 'ssh_host', 'ssh_key_path', 'ssh_known_hosts', 'ssh_port', 'ssh_user', 'status', 'student_allowed_apps', 'student_exam_url', 'student_forbidden_apps', 'student_require_dob', 'student_require_email', 'student_require_name', 'student_sync_interval', 'version_number']
2026-09-16 10:55:44,324 INFO oes config_read keys=['application_name', 'check_day_of_birth', 'check_email', 'check_firstname', 'check_info', 'check_secondname', 'cluster_discovery_cidr', 'cluster_discovery_port', 'cluster_enabled', 'cluster_replication_mode', 'database_backup_dir', 'database_backup_enabled', 'database_backup_interval', 'database_max_size_mb', 'database_url', 'database_wal', 'firewall_backend', 'firewall_enabled', 'https_only', 'log_level', 'log_retention_days', 'network_allowed_cidrs', 'network_public_url', 'release_date', 'server_host', 'server_port', 'session_cookie_secure', 'session_hours', 'ssh_allow_poweroff', 'ssh_connect_timeout', 'ssh_host', 'ssh_key_path', 'ssh_known_hosts', 'ssh_port', 'ssh_user', 'status', 'student_allowed_apps', 'student_exam_url', 'student_forbidden_apps', 'student_require_dob', 'student_require_email', 'student_require_name', 'student_sync_interval', 'version_number']
2026-09-16 10:55:44,329 INFO oes session_created role=teacher
2026-09-16 10:55:44,331 INFO oes request method=POST path=/login status=303 duration_ms=83.84
2026-09-16 10:56:18,302 INFO oes config_read keys=['application_name', 'check_day_of_birth', 'check_email', 'check_firstname', 'check_info', 'check_secondname', 'cluster_discovery_cidr', 'cluster_discovery_port', 'cluster_enabled', 'cluster_replication_mode', 'database_backup_dir', 'database_backup_enabled', 'database_backup_interval', 'database_max_size_mb', 'database_url', 'database_wal', 'firewall_backend', 'firewall_enabled', 'https_only', 'log_level', 'log_retention_days', 'network_allowed_cidrs', 'network_public_url', 'release_date', 'server_host', 'server_port', 'session_cookie_secure', 'session_hours', 'ssh_allow_poweroff', 'ssh_connect_timeout', 'ssh_host', 'ssh_key_path', 'ssh_known_hosts', 'ssh_port', 'ssh_user', 'status', 'student_allowed_apps', 'student_exam_url', 'student_forbidden_apps', 'student_require_dob', 'student_require_email', 'student_require_name', 'student_sync_interval', 'version_number']
2026-09-16 10:56:18,305 INFO oes config_read keys=['application_name', 'check_day_of_birth', 'check_email', 'check_firstname', 'check_info', 'check_secondname', 'cluster_discovery_cidr', 'cluster_discovery_port', 'cluster_enabled', 'cluster_replication_mode', 'database_backup_dir', 'database_backup_enabled', 'database_backup_interval', 'database_max_size_mb', 'database_url', 'database_wal', 'firewall_backend', 'firewall_enabled', 'https_only', 'log_level', 'log_retention_days', 'network_allowed_cidrs', 'network_public_url', 'release_date', 'server_host', 'server_port', 'session_cookie_secure', 'session_hours', 'ssh_allow_poweroff', 'ssh_connect_timeout', 'ssh_host', 'ssh_key_path', 'ssh_known_hosts', 'ssh_port', 'ssh_user', 'status', 'student_allowed_apps', 'student_exam_url', 'student_forbidden_apps', 'student_require_dob', 'student_require_email', 'student_require_name', 'student_sync_interval', 'version_number']
2026-09-16 10:56:18,308 INFO oes database_initialized path=C:\Users\ih6382\Desktop\OESServer\Open-Exam-System-main\data\oes.sqlite3
2026-09-16 10:56:18,310 INFO oes config_read keys=['application_name', 'check_day_of_birth', 'check_email', 'check_firstname', 'check_info', 'check_secondname', 'cluster_discovery_cidr', 'cluster_discovery_port', 'cluster_enabled', 'cluster_replication_mode', 'database_backup_dir', 'database_backup_enabled', 'database_backup_interval', 'database_max_size_mb', 'database_url', 'database_wal', 'firewall_backend', 'firewall_enabled', 'https_only', 'log_level', 'log_retention_days', 'network_allowed_cidrs', 'network_public_url', 'release_date', 'server_host', 'server_port', 'session_cookie_secure', 'session_hours', 'ssh_allow_poweroff', 'ssh_connect_timeout', 'ssh_host', 'ssh_key_path', 'ssh_known_hosts', 'ssh_port', 'ssh_user', 'status', 'student_allowed_apps', 'student_exam_url', 'student_forbidden_apps', 'student_require_dob', 'student_require_email', 'student_require_name', 'student_sync_interval', 'version_number']
2026-09-16 10:56:18,312 INFO oes config_read keys=['application_name', 'check_day_of_birth', 'check_email', 'check_firstname', 'check_info', 'check_secondname', 'cluster_discovery_cidr', 'cluster_discovery_port', 'cluster_enabled', 'cluster_replication_mode', 'database_backup_dir', 'database_backup_enabled', 'database_backup_interval', 'database_max_size_mb', 'database_url', 'database_wal', 'firewall_backend', 'firewall_enabled', 'https_only', 'log_level', 'log_retention_days', 'network_allowed_cidrs', 'network_public_url', 'release_date', 'server_host', 'server_port', 'session_cookie_secure', 'session_hours', 'ssh_allow_poweroff', 'ssh_connect_timeout', 'ssh_host', 'ssh_key_path', 'ssh_known_hosts', 'ssh_port', 'ssh_user', 'status', 'student_allowed_apps', 'student_exam_url', 'student_forbidden_apps', 'student_require_dob', 'student_require_email', 'student_require_name', 'student_sync_interval', 'version_number']
2026-09-16 10:56:18,315 INFO oes teacher_accounts_initialized
2026-09-16 10:56:18,318 INFO oes config_read keys=['application_name', 'check_day_of_birth', 'check_email', 'check_firstname', 'check_info', 'check_secondname', 'cluster_discovery_cidr', 'cluster_discovery_port', 'cluster_enabled', 'cluster_replication_mode', 'database_backup_dir', 'database_backup_enabled', 'database_backup_interval', 'database_max_size_mb', 'database_url', 'database_wal', 'firewall_backend', 'firewall_enabled', 'https_only', 'log_level', 'log_retention_days', 'network_allowed_cidrs', 'network_public_url', 'release_date', 'server_host', 'server_port', 'session_cookie_secure', 'session_hours', 'ssh_allow_poweroff', 'ssh_connect_timeout', 'ssh_host', 'ssh_key_path', 'ssh_known_hosts', 'ssh_port', 'ssh_user', 'status', 'student_allowed_apps', 'student_exam_url', 'student_forbidden_apps', 'student_require_dob', 'student_require_email', 'student_require_name', 'student_sync_interval', 'version_number']
2026-09-16 10:56:18,321 INFO oes config_read keys=['application_name', 'check_day_of_birth', 'check_email', 'check_firstname', 'check_info', 'check_secondname', 'cluster_discovery_cidr', 'cluster_discovery_port', 'cluster_enabled', 'cluster_replication_mode', 'database_backup_dir', 'database_backup_enabled', 'database_backup_interval', 'database_max_size_mb', 'database_url', 'database_wal', 'firewall_backend', 'firewall_enabled', 'https_only', 'log_level', 'log_retention_days', 'network_allowed_cidrs', 'network_public_url', 'release_date', 'server_host', 'server_port', 'session_cookie_secure', 'session_hours', 'ssh_allow_poweroff', 'ssh_connect_timeout', 'ssh_host', 'ssh_key_path', 'ssh_known_hosts', 'ssh_port', 'ssh_user', 'status', 'student_allowed_apps', 'student_exam_url', 'student_forbidden_apps', 'student_require_dob', 'student_require_email', 'student_require_name', 'student_sync_interval', 'version_number']
2026-09-16 10:56:18,643 INFO oes config_read keys=['application_name', 'check_day_of_birth', 'check_email', 'check_firstname', 'check_info', 'check_secondname', 'cluster_discovery_cidr', 'cluster_discovery_port', 'cluster_enabled', 'cluster_replication_mode', 'database_backup_dir', 'database_backup_enabled', 'database_backup_interval', 'database_max_size_mb', 'database_url', 'database_wal', 'firewall_backend', 'firewall_enabled', 'https_only', 'log_level', 'log_retention_days', 'network_allowed_cidrs', 'network_public_url', 'release_date', 'server_host', 'server_port', 'session_cookie_secure', 'session_hours', 'ssh_allow_poweroff', 'ssh_connect_timeout', 'ssh_host', 'ssh_key_path', 'ssh_known_hosts', 'ssh_port', 'ssh_user', 'status', 'student_allowed_apps', 'student_exam_url', 'student_forbidden_apps', 'student_require_dob', 'student_require_email', 'student_require_name', 'student_sync_interval', 'version_number']
2026-09-16 10:56:18,644 INFO oes config_read keys=['application_name', 'check_day_of_birth', 'check_email', 'check_firstname', 'check_info', 'check_secondname', 'cluster_discovery_cidr', 'cluster_discovery_port', 'cluster_enabled', 'cluster_replication_mode', 'database_backup_dir', 'database_backup_enabled', 'database_backup_interval', 'database_max_size_mb', 'database_url', 'database_wal', 'firewall_backend', 'firewall_enabled', 'https_only', 'log_level', 'log_retention_days', 'network_allowed_cidrs', 'network_public_url', 'release_date', 'server_host', 'server_port', 'session_cookie_secure', 'session_hours', 'ssh_allow_poweroff', 'ssh_connect_timeout', 'ssh_host', 'ssh_key_path', 'ssh_known_hosts', 'ssh_port', 'ssh_user', 'status', 'student_allowed_apps', 'student_exam_url', 'student_forbidden_apps', 'student_require_dob', 'student_require_email', 'student_require_name', 'student_sync_interval', 'version_number']
2026-09-16 10:56:18,648 INFO oes teacher_accounts_initialized
2026-09-16 10:56:18,651 INFO oes config_read keys=['application_name', 'check_day_of_birth', 'check_email', 'check_firstname', 'check_info', 'check_secondname', 'cluster_discovery_cidr', 'cluster_discovery_port', 'cluster_enabled', 'cluster_replication_mode', 'database_backup_dir', 'database_backup_enabled', 'database_backup_interval', 'database_max_size_mb', 'database_url', 'database_wal', 'firewall_backend', 'firewall_enabled', 'https_only', 'log_level', 'log_retention_days', 'network_allowed_cidrs', 'network_public_url', 'release_date', 'server_host', 'server_port', 'session_cookie_secure', 'session_hours', 'ssh_allow_poweroff', 'ssh_connect_timeout', 'ssh_host', 'ssh_key_path', 'ssh_known_hosts', 'ssh_port', 'ssh_user', 'status', 'student_allowed_apps', 'student_exam_url', 'student_forbidden_apps', 'student_require_dob', 'student_require_email', 'student_require_name', 'student_sync_interval', 'version_number']
2026-09-16 10:56:18,653 INFO oes config_read keys=['application_name', 'check_day_of_birth', 'check_email', 'check_firstname', 'check_info', 'check_secondname', 'cluster_discovery_cidr', 'cluster_discovery_port', 'cluster_enabled', 'cluster_replication_mode', 'database_backup_dir', 'database_backup_enabled', 'database_backup_interval', 'database_max_size_mb', 'database_url', 'database_wal', 'firewall_backend', 'firewall_enabled', 'https_only', 'log_level', 'log_retention_days', 'network_allowed_cidrs', 'network_public_url', 'release_date', 'server_host', 'server_port', 'session_cookie_secure', 'session_hours', 'ssh_allow_poweroff', 'ssh_connect_timeout', 'ssh_host', 'ssh_key_path', 'ssh_known_hosts', 'ssh_port', 'ssh_user', 'status', 'student_allowed_apps', 'student_exam_url', 'student_forbidden_apps', 'student_require_dob', 'student_require_email', 'student_require_name', 'student_sync_interval', 'version_number']
2026-09-16 10:56:18,694 INFO oes config_read keys=['application_name', 'check_day_of_birth', 'check_email', 'check_firstname', 'check_info', 'check_secondname', 'cluster_discovery_cidr', 'cluster_discovery_port', 'cluster_enabled', 'cluster_replication_mode', 'database_backup_dir', 'database_backup_enabled', 'database_backup_interval', 'database_max_size_mb', 'database_url', 'database_wal', 'firewall_backend', 'firewall_enabled', 'https_only', 'log_level', 'log_retention_days', 'network_allowed_cidrs', 'network_public_url', 'release_date', 'server_host', 'server_port', 'session_cookie_secure', 'session_hours', 'ssh_allow_poweroff', 'ssh_connect_timeout', 'ssh_host', 'ssh_key_path', 'ssh_known_hosts', 'ssh_port', 'ssh_user', 'status', 'student_allowed_apps', 'student_exam_url', 'student_forbidden_apps', 'student_require_dob', 'student_require_email', 'student_require_name', 'student_sync_interval', 'version_number']
2026-09-16 10:56:18,695 INFO oes config_read keys=['application_name', 'check_day_of_birth', 'check_email', 'check_firstname', 'check_info', 'check_secondname', 'cluster_discovery_cidr', 'cluster_discovery_port', 'cluster_enabled', 'cluster_replication_mode', 'database_backup_dir', 'database_backup_enabled', 'database_backup_interval', 'database_max_size_mb', 'database_url', 'database_wal', 'firewall_backend', 'firewall_enabled', 'https_only', 'log_level', 'log_retention_days', 'network_allowed_cidrs', 'network_public_url', 'release_date', 'server_host', 'server_port', 'session_cookie_secure', 'session_hours', 'ssh_allow_poweroff', 'ssh_connect_timeout', 'ssh_host', 'ssh_key_path', 'ssh_known_hosts', 'ssh_port', 'ssh_user', 'status', 'student_allowed_apps', 'student_exam_url', 'student_forbidden_apps', 'student_require_dob', 'student_require_email', 'student_require_name', 'student_sync_interval', 'version_number']
2026-09-16 10:56:18,701 INFO oes teacher_accounts_initialized
2026-09-16 10:56:18,703 INFO oes config_read keys=['application_name', 'check_day_of_birth', 'check_email', 'check_firstname', 'check_info', 'check_secondname', 'cluster_discovery_cidr', 'cluster_discovery_port', 'cluster_enabled', 'cluster_replication_mode', 'database_backup_dir', 'database_backup_enabled', 'database_backup_interval', 'database_max_size_mb', 'database_url', 'database_wal', 'firewall_backend', 'firewall_enabled', 'https_only', 'log_level', 'log_retention_days', 'network_allowed_cidrs', 'network_public_url', 'release_date', 'server_host', 'server_port', 'session_cookie_secure', 'session_hours', 'ssh_allow_poweroff', 'ssh_connect_timeout', 'ssh_host', 'ssh_key_path', 'ssh_known_hosts', 'ssh_port', 'ssh_user', 'status', 'student_allowed_apps', 'student_exam_url', 'student_forbidden_apps', 'student_require_dob', 'student_require_email', 'student_require_name', 'student_sync_interval', 'version_number']
2026-09-16 10:56:18,704 INFO oes config_read keys=['application_name', 'check_day_of_birth', 'check_email', 'check_firstname', 'check_info', 'check_secondname', 'cluster_discovery_cidr', 'cluster_discovery_port', 'cluster_enabled', 'cluster_replication_mode', 'database_backup_dir', 'database_backup_enabled', 'database_backup_interval', 'database_max_size_mb', 'database_url', 'database_wal', 'firewall_backend', 'firewall_enabled', 'https_only', 'log_level', 'log_retention_days', 'network_allowed_cidrs', 'network_public_url', 'release_date', 'server_host', 'server_port', 'session_cookie_secure', 'session_hours', 'ssh_allow_poweroff', 'ssh_connect_timeout', 'ssh_host', 'ssh_key_path', 'ssh_known_hosts', 'ssh_port', 'ssh_user', 'status', 'student_allowed_apps', 'student_exam_url', 'student_forbidden_apps', 'student_require_dob', 'student_require_email', 'student_require_name', 'student_sync_interval', 'version_number']
2026-09-16 10:56:18,876 INFO oes config_read keys=['application_name', 'check_day_of_birth', 'check_email', 'check_firstname', 'check_info', 'check_secondname', 'cluster_discovery_cidr', 'cluster_discovery_port', 'cluster_enabled', 'cluster_replication_mode', 'database_backup_dir', 'database_backup_enabled', 'database_backup_interval', 'database_max_size_mb', 'database_url', 'database_wal', 'firewall_backend', 'firewall_enabled', 'https_only', 'log_level', 'log_retention_days', 'network_allowed_cidrs', 'network_public_url', 'release_date', 'server_host', 'server_port', 'session_cookie_secure', 'session_hours', 'ssh_allow_poweroff', 'ssh_connect_timeout', 'ssh_host', 'ssh_key_path', 'ssh_known_hosts', 'ssh_port', 'ssh_user', 'status', 'student_allowed_apps', 'student_exam_url', 'student_forbidden_apps', 'student_require_dob', 'student_require_email', 'student_require_name', 'student_sync_interval', 'version_number']
2026-09-16 10:56:18,877 INFO oes config_read keys=['application_name', 'check_day_of_birth', 'check_email', 'check_firstname', 'check_info', 'check_secondname', 'cluster_discovery_cidr', 'cluster_discovery_port', 'cluster_enabled', 'cluster_replication_mode', 'database_backup_dir', 'database_backup_enabled', 'database_backup_interval', 'database_max_size_mb', 'database_url', 'database_wal', 'firewall_backend', 'firewall_enabled', 'https_only', 'log_level', 'log_retention_days', 'network_allowed_cidrs', 'network_public_url', 'release_date', 'server_host', 'server_port', 'session_cookie_secure', 'session_hours', 'ssh_allow_poweroff', 'ssh_connect_timeout', 'ssh_host', 'ssh_key_path', 'ssh_known_hosts', 'ssh_port', 'ssh_user', 'status', 'student_allowed_apps', 'student_exam_url', 'student_forbidden_apps', 'student_require_dob', 'student_require_email', 'student_require_name', 'student_sync_interval', 'version_number']
2026-09-16 10:56:18,879 INFO oes config_read keys=['application_name', 'check_day_of_birth', 'check_email', 'check_firstname', 'check_info', 'check_secondname', 'cluster_discovery_cidr', 'cluster_discovery_port', 'cluster_enabled', 'cluster_replication_mode', 'database_backup_dir', 'database_backup_enabled', 'database_backup_interval', 'database_max_size_mb', 'database_url', 'database_wal', 'firewall_backend', 'firewall_enabled', 'https_only', 'log_level', 'log_retention_days', 'network_allowed_cidrs', 'network_public_url', 'release_date', 'server_host', 'server_port', 'session_cookie_secure', 'session_hours', 'ssh_allow_poweroff', 'ssh_connect_timeout', 'ssh_host', 'ssh_key_path', 'ssh_known_hosts', 'ssh_port', 'ssh_user', 'status', 'student_allowed_apps', 'student_exam_url', 'student_forbidden_apps', 'student_require_dob', 'student_require_email', 'student_require_name', 'student_sync_interval', 'version_number']
2026-09-16 10:56:18,884 INFO oes teacher_accounts_initialized
2026-09-16 10:56:18,885 INFO oes config_read keys=['application_name', 'check_day_of_birth', 'check_email', 'check_firstname', 'check_info', 'check_secondname', 'cluster_discovery_cidr', 'cluster_discovery_port', 'cluster_enabled', 'cluster_replication_mode', 'database_backup_dir', 'database_backup_enabled', 'database_backup_interval', 'database_max_size_mb', 'database_url', 'database_wal', 'firewall_backend', 'firewall_enabled', 'https_only', 'log_level', 'log_retention_days', 'network_allowed_cidrs', 'network_public_url', 'release_date', 'server_host', 'server_port', 'session_cookie_secure', 'session_hours', 'ssh_allow_poweroff', 'ssh_connect_timeout', 'ssh_host', 'ssh_key_path', 'ssh_known_hosts', 'ssh_port', 'ssh_user', 'status', 'student_allowed_apps', 'student_exam_url', 'student_forbidden_apps', 'student_require_dob', 'student_require_email', 'student_require_name', 'student_sync_interval', 'version_number']
2026-09-16 10:56:18,887 INFO oes config_read keys=['application_name', 'check_day_of_birth', 'check_email', 'check_firstname', 'check_info', 'check_secondname', 'cluster_discovery_cidr', 'cluster_discovery_port', 'cluster_enabled', 'cluster_replication_mode', 'database_backup_dir', 'database_backup_enabled', 'database_backup_interval', 'database_max_size_mb', 'database_url', 'database_wal', 'firewall_backend', 'firewall_enabled', 'https_only', 'log_level', 'log_retention_days', 'network_allowed_cidrs', 'network_public_url', 'release_date', 'server_host', 'server_port', 'session_cookie_secure', 'session_hours', 'ssh_allow_poweroff', 'ssh_connect_timeout', 'ssh_host', 'ssh_key_path', 'ssh_known_hosts', 'ssh_port', 'ssh_user', 'status', 'student_allowed_apps', 'student_exam_url', 'student_forbidden_apps', 'student_require_dob', 'student_require_email', 'student_require_name', 'student_sync_interval', 'version_number']
2026-09-16 10:56:19,006 INFO oes config_read keys=['application_name', 'check_day_of_birth', 'check_email', 'check_firstname', 'check_info', 'check_secondname', 'cluster_discovery_cidr', 'cluster_discovery_port', 'cluster_enabled', 'cluster_replication_mode', 'database_backup_dir', 'database_backup_enabled', 'database_backup_interval', 'database_max_size_mb', 'database_url', 'database_wal', 'firewall_backend', 'firewall_enabled', 'https_only', 'log_level', 'log_retention_days', 'network_allowed_cidrs', 'network_public_url', 'release_date', 'server_host', 'server_port', 'session_cookie_secure', 'session_hours', 'ssh_allow_poweroff', 'ssh_connect_timeout', 'ssh_host', 'ssh_key_path', 'ssh_known_hosts', 'ssh_port', 'ssh_user', 'status', 'student_allowed_apps', 'student_exam_url', 'student_forbidden_apps', 'student_require_dob', 'student_require_email', 'student_require_name', 'student_sync_interval', 'version_number']
2026-09-16 10:56:19,010 INFO oes session_created role=teacher
2026-09-16 10:56:19,011 INFO oes request method=POST path=/login status=303 duration_ms=137.52
2026-09-16 10:56:43,640 INFO oes config_read keys=['application_name', 'check_day_of_birth', 'check_email', 'check_firstname', 'check_info', 'check_secondname', 'cluster_discovery_cidr', 'cluster_discovery_port', 'cluster_enabled', 'cluster_replication_mode', 'database_backup_dir', 'database_backup_enabled', 'database_backup_interval', 'database_max_size_mb', 'database_url', 'database_wal', 'firewall_backend', 'firewall_enabled', 'https_only', 'log_level', 'log_retention_days', 'network_allowed_cidrs', 'network_public_url', 'release_date', 'server_host', 'server_port', 'session_cookie_secure', 'session_hours', 'ssh_allow_poweroff', 'ssh_connect_timeout', 'ssh_host', 'ssh_key_path', 'ssh_known_hosts', 'ssh_port', 'ssh_user', 'status', 'student_allowed_apps', 'student_exam_url', 'student_forbidden_apps', 'student_require_dob', 'student_require_email', 'student_require_name', 'student_sync_interval', 'version_number']
2026-09-16 10:56:43,646 INFO oes config_read keys=['application_name', 'check_day_of_birth', 'check_email', 'check_firstname', 'check_info', 'check_secondname', 'cluster_discovery_cidr', 'cluster_discovery_port', 'cluster_enabled', 'cluster_replication_mode', 'database_backup_dir', 'database_backup_enabled', 'database_backup_interval', 'database_max_size_mb', 'database_url', 'database_wal', 'firewall_backend', 'firewall_enabled', 'https_only', 'log_level', 'log_retention_days', 'network_allowed_cidrs', 'network_public_url', 'release_date', 'server_host', 'server_port', 'session_cookie_secure', 'session_hours', 'ssh_allow_poweroff', 'ssh_connect_timeout', 'ssh_host', 'ssh_key_path', 'ssh_known_hosts', 'ssh_port', 'ssh_user', 'status', 'student_allowed_apps', 'student_exam_url', 'student_forbidden_apps', 'student_require_dob', 'student_require_email', 'student_require_name', 'student_sync_interval', 'version_number']
2026-09-16 10:56:43,653 INFO oes database_initialized path=C:\Users\ih6382\Desktop\OESServer\Open-Exam-System-main\data\oes.sqlite3
2026-09-16 10:56:43,654 INFO oes config_read keys=['application_name', 'check_day_of_birth', 'check_email', 'check_firstname', 'check_info', 'check_secondname', 'cluster_discovery_cidr', 'cluster_discovery_port', 'cluster_enabled', 'cluster_replication_mode', 'database_backup_dir', 'database_backup_enabled', 'database_backup_interval', 'database_max_size_mb', 'database_url', 'database_wal', 'firewall_backend', 'firewall_enabled', 'https_only', 'log_level', 'log_retention_days', 'network_allowed_cidrs', 'network_public_url', 'release_date', 'server_host', 'server_port', 'session_cookie_secure', 'session_hours', 'ssh_allow_poweroff', 'ssh_connect_timeout', 'ssh_host', 'ssh_key_path', 'ssh_known_hosts', 'ssh_port', 'ssh_user', 'status', 'student_allowed_apps', 'student_exam_url', 'student_forbidden_apps', 'student_require_dob', 'student_require_email', 'student_require_name', 'student_sync_interval', 'version_number']
2026-09-16 10:56:43,656 INFO oes config_read keys=['application_name', 'check_day_of_birth', 'check_email', 'check_firstname', 'check_info', 'check_secondname', 'cluster_discovery_cidr', 'cluster_discovery_port', 'cluster_enabled', 'cluster_replication_mode', 'database_backup_dir', 'database_backup_enabled', 'database_backup_interval', 'database_max_size_mb', 'database_url', 'database_wal', 'firewall_backend', 'firewall_enabled', 'https_only', 'log_level', 'log_retention_days', 'network_allowed_cidrs', 'network_public_url', 'release_date', 'server_host', 'server_port', 'session_cookie_secure', 'session_hours', 'ssh_allow_poweroff', 'ssh_connect_timeout', 'ssh_host', 'ssh_key_path', 'ssh_known_hosts', 'ssh_port', 'ssh_user', 'status', 'student_allowed_apps', 'student_exam_url', 'student_forbidden_apps', 'student_require_dob', 'student_require_email', 'student_require_name', 'student_sync_interval', 'version_number']
2026-09-16 10:56:43,662 INFO oes teacher_accounts_initialized
2026-09-16 10:56:43,665 INFO oes config_read keys=['application_name', 'check_day_of_birth', 'check_email', 'check_firstname', 'check_info', 'check_secondname', 'cluster_discovery_cidr', 'cluster_discovery_port', 'cluster_enabled', 'cluster_replication_mode', 'database_backup_dir', 'database_backup_enabled', 'database_backup_interval', 'database_max_size_mb', 'database_url', 'database_wal', 'firewall_backend', 'firewall_enabled', 'https_only', 'log_level', 'log_retention_days', 'network_allowed_cidrs', 'network_public_url', 'release_date', 'server_host', 'server_port', 'session_cookie_secure', 'session_hours', 'ssh_allow_poweroff', 'ssh_connect_timeout', 'ssh_host', 'ssh_key_path', 'ssh_known_hosts', 'ssh_port', 'ssh_user', 'status', 'student_allowed_apps', 'student_exam_url', 'student_forbidden_apps', 'student_require_dob', 'student_require_email', 'student_require_name', 'student_sync_interval', 'version_number']
2026-09-16 10:56:43,667 INFO oes config_read keys=['application_name', 'check_day_of_birth', 'check_email', 'check_firstname', 'check_info', 'check_secondname', 'cluster_discovery_cidr', 'cluster_discovery_port', 'cluster_enabled', 'cluster_replication_mode', 'database_backup_dir', 'database_backup_enabled', 'database_backup_interval', 'database_max_size_mb', 'database_url', 'database_wal', 'firewall_backend', 'firewall_enabled', 'https_only', 'log_level', 'log_retention_days', 'network_allowed_cidrs', 'network_public_url', 'release_date', 'server_host', 'server_port', 'session_cookie_secure', 'session_hours', 'ssh_allow_poweroff', 'ssh_connect_timeout', 'ssh_host', 'ssh_key_path', 'ssh_known_hosts', 'ssh_port', 'ssh_user', 'status', 'student_allowed_apps', 'student_exam_url', 'student_forbidden_apps', 'student_require_dob', 'student_require_email', 'student_require_name', 'student_sync_interval', 'version_number']
2026-09-16 10:56:59,387 INFO oes config_read keys=['application_name', 'check_day_of_birth', 'check_email', 'check_firstname', 'check_info', 'check_secondname', 'cluster_discovery_cidr', 'cluster_discovery_port', 'cluster_enabled', 'cluster_replication_mode', 'database_backup_dir', 'database_backup_enabled', 'database_backup_interval', 'database_max_size_mb', 'database_url', 'database_wal', 'firewall_backend', 'firewall_enabled', 'https_only', 'log_level', 'log_retention_days', 'network_allowed_cidrs', 'network_public_url', 'release_date', 'server_host', 'server_port', 'session_cookie_secure', 'session_hours', 'ssh_allow_poweroff', 'ssh_connect_timeout', 'ssh_host', 'ssh_key_path', 'ssh_known_hosts', 'ssh_port', 'ssh_user', 'status', 'student_allowed_apps', 'student_exam_url', 'student_forbidden_apps', 'student_require_dob', 'student_require_email', 'student_require_name', 'student_sync_interval', 'version_number']
2026-09-16 10:56:59,390 INFO oes config_read keys=['application_name', 'check_day_of_birth', 'check_email', 'check_firstname', 'check_info', 'check_secondname', 'cluster_discovery_cidr', 'cluster_discovery_port', 'cluster_enabled', 'cluster_replication_mode', 'database_backup_dir', 'database_backup_enabled', 'database_backup_interval', 'database_max_size_mb', 'database_url', 'database_wal', 'firewall_backend', 'firewall_enabled', 'https_only', 'log_level', 'log_retention_days', 'network_allowed_cidrs', 'network_public_url', 'release_date', 'server_host', 'server_port', 'session_cookie_secure', 'session_hours', 'ssh_allow_poweroff', 'ssh_connect_timeout', 'ssh_host', 'ssh_key_path', 'ssh_known_hosts', 'ssh_port', 'ssh_user', 'status', 'student_allowed_apps', 'student_exam_url', 'student_forbidden_apps', 'student_require_dob', 'student_require_email', 'student_require_name', 'student_sync_interval', 'version_number']
2026-09-16 10:56:59,396 INFO oes database_initialized path=C:\Users\ih6382\Desktop\OESServer\Open-Exam-System-main\data\oes.sqlite3
2026-09-16 10:56:59,397 INFO oes config_read keys=['application_name', 'check_day_of_birth', 'check_email', 'check_firstname', 'check_info', 'check_secondname', 'cluster_discovery_cidr', 'cluster_discovery_port', 'cluster_enabled', 'cluster_replication_mode', 'database_backup_dir', 'database_backup_enabled', 'database_backup_interval', 'database_max_size_mb', 'database_url', 'database_wal', 'firewall_backend', 'firewall_enabled', 'https_only', 'log_level', 'log_retention_days', 'network_allowed_cidrs', 'network_public_url', 'release_date', 'server_host', 'server_port', 'session_cookie_secure', 'session_hours', 'ssh_allow_poweroff', 'ssh_connect_timeout', 'ssh_host', 'ssh_key_path', 'ssh_known_hosts', 'ssh_port', 'ssh_user', 'status', 'student_allowed_apps', 'student_exam_url', 'student_forbidden_apps', 'student_require_dob', 'student_require_email', 'student_require_name', 'student_sync_interval', 'version_number']
2026-09-16 10:56:59,399 INFO oes config_read keys=['application_name', 'check_day_of_birth', 'check_email', 'check_firstname', 'check_info', 'check_secondname', 'cluster_discovery_cidr', 'cluster_discovery_port', 'cluster_enabled', 'cluster_replication_mode', 'database_backup_dir', 'database_backup_enabled', 'database_backup_interval', 'database_max_size_mb', 'database_url', 'database_wal', 'firewall_backend', 'firewall_enabled', 'https_only', 'log_level', 'log_retention_days', 'network_allowed_cidrs', 'network_public_url', 'release_date', 'server_host', 'server_port', 'session_cookie_secure', 'session_hours', 'ssh_allow_poweroff', 'ssh_connect_timeout', 'ssh_host', 'ssh_key_path', 'ssh_known_hosts', 'ssh_port', 'ssh_user', 'status', 'student_allowed_apps', 'student_exam_url', 'student_forbidden_apps', 'student_require_dob', 'student_require_email', 'student_require_name', 'student_sync_interval', 'version_number']
2026-09-16 10:56:59,402 INFO oes teacher_accounts_initialized
2026-09-16 10:56:59,404 INFO oes config_read keys=['application_name', 'check_day_of_birth', 'check_email', 'check_firstname', 'check_info', 'check_secondname', 'cluster_discovery_cidr', 'cluster_discovery_port', 'cluster_enabled', 'cluster_replication_mode', 'database_backup_dir', 'database_backup_enabled', 'database_backup_interval', 'database_max_size_mb', 'database_url', 'database_wal', 'firewall_backend', 'firewall_enabled', 'https_only', 'log_level', 'log_retention_days', 'network_allowed_cidrs', 'network_public_url', 'release_date', 'server_host', 'server_port', 'session_cookie_secure', 'session_hours', 'ssh_allow_poweroff', 'ssh_connect_timeout', 'ssh_host', 'ssh_key_path', 'ssh_known_hosts', 'ssh_port', 'ssh_user', 'status', 'student_allowed_apps', 'student_exam_url', 'student_forbidden_apps', 'student_require_dob', 'student_require_email', 'student_require_name', 'student_sync_interval', 'version_number']
2026-09-16 10:56:59,406 INFO oes config_read keys=['application_name', 'check_day_of_birth', 'check_email', 'check_firstname', 'check_info', 'check_secondname', 'cluster_discovery_cidr', 'cluster_discovery_port', 'cluster_enabled', 'cluster_replication_mode', 'database_backup_dir', 'database_backup_enabled', 'database_backup_interval', 'database_max_size_mb', 'database_url', 'database_wal', 'firewall_backend', 'firewall_enabled', 'https_only', 'log_level', 'log_retention_days', 'network_allowed_cidrs', 'network_public_url', 'release_date', 'server_host', 'server_port', 'session_cookie_secure', 'session_hours', 'ssh_allow_poweroff', 'ssh_connect_timeout', 'ssh_host', 'ssh_key_path', 'ssh_known_hosts', 'ssh_port', 'ssh_user', 'status', 'student_allowed_apps', 'student_exam_url', 'student_forbidden_apps', 'student_require_dob', 'student_require_email', 'student_require_name', 'student_sync_interval', 'version_number']
2026-09-16 10:56:59,409 INFO oes config_read keys=['application_name', 'check_day_of_birth', 'check_email', 'check_firstname', 'check_info', 'check_secondname', 'cluster_discovery_cidr', 'cluster_discovery_port', 'cluster_enabled', 'cluster_replication_mode', 'database_backup_dir', 'database_backup_enabled', 'database_backup_interval', 'database_max_size_mb', 'database_url', 'database_wal', 'firewall_backend', 'firewall_enabled', 'https_only', 'log_level', 'log_retention_days', 'network_allowed_cidrs', 'network_public_url', 'release_date', 'server_host', 'server_port', 'session_cookie_secure', 'session_hours', 'ssh_allow_poweroff', 'ssh_connect_timeout', 'ssh_host', 'ssh_key_path', 'ssh_known_hosts', 'ssh_port', 'ssh_user', 'status', 'student_allowed_apps', 'student_exam_url', 'student_forbidden_apps', 'student_require_dob', 'student_require_email', 'student_require_name', 'student_sync_interval', 'version_number']
2026-09-16 10:56:59,411 INFO oes config_read keys=['application_name', 'check_day_of_birth', 'check_email', 'check_firstname', 'check_info', 'check_secondname', 'cluster_discovery_cidr', 'cluster_discovery_port', 'cluster_enabled', 'cluster_replication_mode', 'database_backup_dir', 'database_backup_enabled', 'database_backup_interval', 'database_max_size_mb', 'database_url', 'database_wal', 'firewall_backend', 'firewall_enabled', 'https_only', 'log_level', 'log_retention_days', 'network_allowed_cidrs', 'network_public_url', 'release_date', 'server_host', 'server_port', 'session_cookie_secure', 'session_hours', 'ssh_allow_poweroff', 'ssh_connect_timeout', 'ssh_host', 'ssh_key_path', 'ssh_known_hosts', 'ssh_port', 'ssh_user', 'status', 'student_allowed_apps', 'student_exam_url', 'student_forbidden_apps', 'student_require_dob', 'student_require_email', 'student_require_name', 'student_sync_interval', 'version_number']
2026-09-16 10:56:59,528 INFO oes config_read keys=['application_name', 'check_day_of_birth', 'check_email', 'check_firstname', 'check_info', 'check_secondname', 'cluster_discovery_cidr', 'cluster_discovery_port', 'cluster_enabled', 'cluster_replication_mode', 'database_backup_dir', 'database_backup_enabled', 'database_backup_interval', 'database_max_size_mb', 'database_url', 'database_wal', 'firewall_backend', 'firewall_enabled', 'https_only', 'log_level', 'log_retention_days', 'network_allowed_cidrs', 'network_public_url', 'release_date', 'server_host', 'server_port', 'session_cookie_secure', 'session_hours', 'ssh_allow_poweroff', 'ssh_connect_timeout', 'ssh_host', 'ssh_key_path', 'ssh_known_hosts', 'ssh_port', 'ssh_user', 'status', 'student_allowed_apps', 'student_exam_url', 'student_forbidden_apps', 'student_require_dob', 'student_require_email', 'student_require_name', 'student_sync_interval', 'version_number']
2026-09-16 10:56:59,531 INFO oes config_read keys=['application_name', 'check_day_of_birth', 'check_email', 'check_firstname', 'check_info', 'check_secondname', 'cluster_discovery_cidr', 'cluster_discovery_port', 'cluster_enabled', 'cluster_replication_mode', 'database_backup_dir', 'database_backup_enabled', 'database_backup_interval', 'database_max_size_mb', 'database_url', 'database_wal', 'firewall_backend', 'firewall_enabled', 'https_only', 'log_level', 'log_retention_days', 'network_allowed_cidrs', 'network_public_url', 'release_date', 'server_host', 'server_port', 'session_cookie_secure', 'session_hours', 'ssh_allow_poweroff', 'ssh_connect_timeout', 'ssh_host', 'ssh_key_path', 'ssh_known_hosts', 'ssh_port', 'ssh_user', 'status', 'student_allowed_apps', 'student_exam_url', 'student_forbidden_apps', 'student_require_dob', 'student_require_email', 'student_require_name', 'student_sync_interval', 'version_number']
2026-09-16 10:56:59,533 INFO oes teacher_accounts_initialized
2026-09-16 10:56:59,534 INFO oes config_read keys=['application_name', 'check_day_of_birth', 'check_email', 'check_firstname', 'check_info', 'check_secondname', 'cluster_discovery_cidr', 'cluster_discovery_port', 'cluster_enabled', 'cluster_replication_mode', 'database_backup_dir', 'database_backup_enabled', 'database_backup_interval', 'database_max_size_mb', 'database_url', 'database_wal', 'firewall_backend', 'firewall_enabled', 'https_only', 'log_level', 'log_retention_days', 'network_allowed_cidrs', 'network_public_url', 'release_date', 'server_host', 'server_port', 'session_cookie_secure', 'session_hours', 'ssh_allow_poweroff', 'ssh_connect_timeout', 'ssh_host', 'ssh_key_path', 'ssh_known_hosts', 'ssh_port', 'ssh_user', 'status', 'student_allowed_apps', 'student_exam_url', 'student_forbidden_apps', 'student_require_dob', 'student_require_email', 'student_require_name', 'student_sync_interval', 'version_number']
2026-09-16 10:56:59,536 INFO oes config_read keys=['application_name', 'check_day_of_birth', 'check_email', 'check_firstname', 'check_info', 'check_secondname', 'cluster_discovery_cidr', 'cluster_discovery_port', 'cluster_enabled', 'cluster_replication_mode', 'database_backup_dir', 'database_backup_enabled', 'database_backup_interval', 'database_max_size_mb', 'database_url', 'database_wal', 'firewall_backend', 'firewall_enabled', 'https_only', 'log_level', 'log_retention_days', 'network_allowed_cidrs', 'network_public_url', 'release_date', 'server_host', 'server_port', 'session_cookie_secure', 'session_hours', 'ssh_allow_poweroff', 'ssh_connect_timeout', 'ssh_host', 'ssh_key_path', 'ssh_known_hosts', 'ssh_port', 'ssh_user', 'status', 'student_allowed_apps', 'student_exam_url', 'student_forbidden_apps', 'student_require_dob', 'student_require_email', 'student_require_name', 'student_sync_interval', 'version_number']
2026-09-16 10:57:26,082 INFO oes config_read keys=['application_name', 'check_day_of_birth', 'check_email', 'check_firstname', 'check_info', 'check_secondname', 'cluster_discovery_cidr', 'cluster_discovery_port', 'cluster_enabled', 'cluster_replication_mode', 'database_backup_dir', 'database_backup_enabled', 'database_backup_interval', 'database_max_size_mb', 'database_url', 'database_wal', 'firewall_backend', 'firewall_enabled', 'https_only', 'log_level', 'log_retention_days', 'network_allowed_cidrs', 'network_public_url', 'release_date', 'server_host', 'server_port', 'session_cookie_secure', 'session_hours', 'ssh_allow_poweroff', 'ssh_connect_timeout', 'ssh_host', 'ssh_key_path', 'ssh_known_hosts', 'ssh_port', 'ssh_user', 'status', 'student_allowed_apps', 'student_exam_url', 'student_forbidden_apps', 'student_require_dob', 'student_require_email', 'student_require_name', 'student_sync_interval', 'version_number']
2026-09-16 10:57:26,087 INFO oes config_read keys=['application_name', 'check_day_of_birth', 'check_email', 'check_firstname', 'check_info', 'check_secondname', 'cluster_discovery_cidr', 'cluster_discovery_port', 'cluster_enabled', 'cluster_replication_mode', 'database_backup_dir', 'database_backup_enabled', 'database_backup_interval', 'database_max_size_mb', 'database_url', 'database_wal', 'firewall_backend', 'firewall_enabled', 'https_only', 'log_level', 'log_retention_days', 'network_allowed_cidrs', 'network_public_url', 'release_date', 'server_host', 'server_port', 'session_cookie_secure', 'session_hours', 'ssh_allow_poweroff', 'ssh_connect_timeout', 'ssh_host', 'ssh_key_path', 'ssh_known_hosts', 'ssh_port', 'ssh_user', 'status', 'student_allowed_apps', 'student_exam_url', 'student_forbidden_apps', 'student_require_dob', 'student_require_email', 'student_require_name', 'student_sync_interval', 'version_number']
2026-09-16 10:57:26,096 INFO oes database_initialized path=C:\Users\ih6382\Desktop\OESServer\Open-Exam-System-main\data\oes.sqlite3
2026-09-16 10:57:26,197 INFO oes config_read keys=['application_name', 'check_day_of_birth', 'check_email', 'check_firstname', 'check_info', 'check_secondname', 'cluster_discovery_cidr', 'cluster_discovery_port', 'cluster_enabled', 'cluster_replication_mode', 'database_backup_dir', 'database_backup_enabled', 'database_backup_interval', 'database_max_size_mb', 'database_url', 'database_wal', 'firewall_backend', 'firewall_enabled', 'https_only', 'log_level', 'log_retention_days', 'network_allowed_cidrs', 'network_public_url', 'release_date', 'server_host', 'server_port', 'session_cookie_secure', 'session_hours', 'ssh_allow_poweroff', 'ssh_connect_timeout', 'ssh_host', 'ssh_key_path', 'ssh_known_hosts', 'ssh_port', 'ssh_user', 'status', 'student_allowed_apps', 'student_exam_url', 'student_forbidden_apps', 'student_require_dob', 'student_require_email', 'student_require_name', 'student_sync_interval', 'version_number']
2026-09-16 10:57:26,199 INFO oes config_read keys=['application_name', 'check_day_of_birth', 'check_email', 'check_firstname', 'check_info', 'check_secondname', 'cluster_discovery_cidr', 'cluster_discovery_port', 'cluster_enabled', 'cluster_replication_mode', 'database_backup_dir', 'database_backup_enabled', 'database_backup_interval', 'database_max_size_mb', 'database_url', 'database_wal', 'firewall_backend', 'firewall_enabled', 'https_only', 'log_level', 'log_retention_days', 'network_allowed_cidrs', 'network_public_url', 'release_date', 'server_host', 'server_port', 'session_cookie_secure', 'session_hours', 'ssh_allow_poweroff', 'ssh_connect_timeout', 'ssh_host', 'ssh_key_path', 'ssh_known_hosts', 'ssh_port', 'ssh_user', 'status', 'student_allowed_apps', 'student_exam_url', 'student_forbidden_apps', 'student_require_dob', 'student_require_email', 'student_require_name', 'student_sync_interval', 'version_number']
2026-09-16 10:57:26,201 INFO oes teacher_accounts_initialized
2026-09-16 10:57:26,202 INFO oes config_read keys=['application_name', 'check_day_of_birth', 'check_email', 'check_firstname', 'check_info', 'check_secondname', 'cluster_discovery_cidr', 'cluster_discovery_port', 'cluster_enabled', 'cluster_replication_mode', 'database_backup_dir', 'database_backup_enabled', 'database_backup_interval', 'database_max_size_mb', 'database_url', 'database_wal', 'firewall_backend', 'firewall_enabled', 'https_only', 'log_level', 'log_retention_days', 'network_allowed_cidrs', 'network_public_url', 'release_date', 'server_host', 'server_port', 'session_cookie_secure', 'session_hours', 'ssh_allow_poweroff', 'ssh_connect_timeout', 'ssh_host', 'ssh_key_path', 'ssh_known_hosts', 'ssh_port', 'ssh_user', 'status', 'student_allowed_apps', 'student_exam_url', 'student_forbidden_apps', 'student_require_dob', 'student_require_email', 'student_require_name', 'student_sync_interval', 'version_number']
2026-09-16 10:57:26,203 INFO oes config_read keys=['application_name', 'check_day_of_birth', 'check_email', 'check_firstname', 'check_info', 'check_secondname', 'cluster_discovery_cidr', 'cluster_discovery_port', 'cluster_enabled', 'cluster_replication_mode', 'database_backup_dir', 'database_backup_enabled', 'database_backup_interval', 'database_max_size_mb', 'database_url', 'database_wal', 'firewall_backend', 'firewall_enabled', 'https_only', 'log_level', 'log_retention_days', 'network_allowed_cidrs', 'network_public_url', 'release_date', 'server_host', 'server_port', 'session_cookie_secure', 'session_hours', 'ssh_allow_poweroff', 'ssh_connect_timeout', 'ssh_host', 'ssh_key_path', 'ssh_known_hosts', 'ssh_port', 'ssh_user', 'status', 'student_allowed_apps', 'student_exam_url', 'student_forbidden_apps', 'student_require_dob', 'student_require_email', 'student_require_name', 'student_sync_interval', 'version_number']
2026-09-16 10:57:26,284 INFO oes config_read keys=['application_name', 'check_day_of_birth', 'check_email', 'check_firstname', 'check_info', 'check_secondname', 'cluster_discovery_cidr', 'cluster_discovery_port', 'cluster_enabled', 'cluster_replication_mode', 'database_backup_dir', 'database_backup_enabled', 'database_backup_interval', 'database_max_size_mb', 'database_url', 'database_wal', 'firewall_backend', 'firewall_enabled', 'https_only', 'log_level', 'log_retention_days', 'network_allowed_cidrs', 'network_public_url', 'release_date', 'server_host', 'server_port', 'session_cookie_secure', 'session_hours', 'ssh_allow_poweroff', 'ssh_connect_timeout', 'ssh_host', 'ssh_key_path', 'ssh_known_hosts', 'ssh_port', 'ssh_user', 'status', 'student_allowed_apps', 'student_exam_url', 'student_forbidden_apps', 'student_require_dob', 'student_require_email', 'student_require_name', 'student_sync_interval', 'version_number']
2026-09-16 10:57:26,286 INFO oes config_read keys=['application_name', 'check_day_of_birth', 'check_email', 'check_firstname', 'check_info', 'check_secondname', 'cluster_discovery_cidr', 'cluster_discovery_port', 'cluster_enabled', 'cluster_replication_mode', 'database_backup_dir', 'database_backup_enabled', 'database_backup_interval', 'database_max_size_mb', 'database_url', 'database_wal', 'firewall_backend', 'firewall_enabled', 'https_only', 'log_level', 'log_retention_days', 'network_allowed_cidrs', 'network_public_url', 'release_date', 'server_host', 'server_port', 'session_cookie_secure', 'session_hours', 'ssh_allow_poweroff', 'ssh_connect_timeout', 'ssh_host', 'ssh_key_path', 'ssh_known_hosts', 'ssh_port', 'ssh_user', 'status', 'student_allowed_apps', 'student_exam_url', 'student_forbidden_apps', 'student_require_dob', 'student_require_email', 'student_require_name', 'student_sync_interval', 'version_number']
2026-09-16 10:57:26,288 INFO oes teacher_accounts_initialized
2026-09-16 10:57:26,290 INFO oes config_read keys=['application_name', 'check_day_of_birth', 'check_email', 'check_firstname', 'check_info', 'check_secondname', 'cluster_discovery_cidr', 'cluster_discovery_port', 'cluster_enabled', 'cluster_replication_mode', 'database_backup_dir', 'database_backup_enabled', 'database_backup_interval', 'database_max_size_mb', 'database_url', 'database_wal', 'firewall_backend', 'firewall_enabled', 'https_only', 'log_level', 'log_retention_days', 'network_allowed_cidrs', 'network_public_url', 'release_date', 'server_host', 'server_port', 'session_cookie_secure', 'session_hours', 'ssh_allow_poweroff', 'ssh_connect_timeout', 'ssh_host', 'ssh_key_path', 'ssh_known_hosts', 'ssh_port', 'ssh_user', 'status', 'student_allowed_apps', 'student_exam_url', 'student_forbidden_apps', 'student_require_dob', 'student_require_email', 'student_require_name', 'student_sync_interval', 'version_number']
2026-09-16 10:57:26,293 INFO oes config_read keys=['application_name', 'check_day_of_birth', 'check_email', 'check_firstname', 'check_info', 'check_secondname', 'cluster_discovery_cidr', 'cluster_discovery_port', 'cluster_enabled', 'cluster_replication_mode', 'database_backup_dir', 'database_backup_enabled', 'database_backup_interval', 'database_max_size_mb', 'database_url', 'database_wal', 'firewall_backend', 'firewall_enabled', 'https_only', 'log_level', 'log_retention_days', 'network_allowed_cidrs', 'network_public_url', 'release_date', 'server_host', 'server_port', 'session_cookie_secure', 'session_hours', 'ssh_allow_poweroff', 'ssh_connect_timeout', 'ssh_host', 'ssh_key_path', 'ssh_known_hosts', 'ssh_port', 'ssh_user', 'status', 'student_allowed_apps', 'student_exam_url', 'student_forbidden_apps', 'student_require_dob', 'student_require_email', 'student_require_name', 'student_sync_interval', 'version_number']
2026-09-16 10:57:26,295 WARNING oes development_default_credentials_enabled change OES_ADMIN_PASSWORD and OES_TEACHER_PASSWORD before deployment
2026-09-16 10:57:40,317 INFO oes config_read keys=['application_name', 'check_day_of_birth', 'check_email', 'check_firstname', 'check_info', 'check_secondname', 'cluster_discovery_cidr', 'cluster_discovery_port', 'cluster_enabled', 'cluster_replication_mode', 'database_backup_dir', 'database_backup_enabled', 'database_backup_interval', 'database_max_size_mb', 'database_url', 'database_wal', 'firewall_backend', 'firewall_enabled', 'https_only', 'log_level', 'log_retention_days', 'network_allowed_cidrs', 'network_public_url', 'release_date', 'server_host', 'server_port', 'session_cookie_secure', 'session_hours', 'ssh_allow_poweroff', 'ssh_connect_timeout', 'ssh_host', 'ssh_key_path', 'ssh_known_hosts', 'ssh_port', 'ssh_user', 'status', 'student_allowed_apps', 'student_exam_url', 'student_forbidden_apps', 'student_require_dob', 'student_require_email', 'student_require_name', 'student_sync_interval', 'version_number']
2026-09-16 10:57:40,320 INFO oes request method=GET path=/admin/network status=200 duration_ms=74.95
2026-09-16 10:57:48,420 INFO oes request method=GET path=/ status=200 duration_ms=5.87
2026-09-16 10:57:53,266 INFO oes config_read keys=['application_name', 'check_day_of_birth', 'check_email', 'check_firstname', 'check_info', 'check_secondname', 'cluster_discovery_cidr', 'cluster_discovery_port', 'cluster_enabled', 'cluster_replication_mode', 'database_backup_dir', 'database_backup_enabled', 'database_backup_interval', 'database_max_size_mb', 'database_url', 'database_wal', 'firewall_backend', 'firewall_enabled', 'https_only', 'log_level', 'log_retention_days', 'network_allowed_cidrs', 'network_public_url', 'release_date', 'server_host', 'server_port', 'session_cookie_secure', 'session_hours', 'ssh_allow_poweroff', 'ssh_connect_timeout', 'ssh_host', 'ssh_key_path', 'ssh_known_hosts', 'ssh_port', 'ssh_user', 'status', 'student_allowed_apps', 'student_exam_url', 'student_forbidden_apps', 'student_require_dob', 'student_require_email', 'student_require_name', 'student_sync_interval', 'version_number']
2026-09-16 10:57:53,268 INFO oes config_read keys=['application_name', 'check_day_of_birth', 'check_email', 'check_firstname', 'check_info', 'check_secondname', 'cluster_discovery_cidr', 'cluster_discovery_port', 'cluster_enabled', 'cluster_replication_mode', 'database_backup_dir', 'database_backup_enabled', 'database_backup_interval', 'database_max_size_mb', 'database_url', 'database_wal', 'firewall_backend', 'firewall_enabled', 'https_only', 'log_level', 'log_retention_days', 'network_allowed_cidrs', 'network_public_url', 'release_date', 'server_host', 'server_port', 'session_cookie_secure', 'session_hours', 'ssh_allow_poweroff', 'ssh_connect_timeout', 'ssh_host', 'ssh_key_path', 'ssh_known_hosts', 'ssh_port', 'ssh_user', 'status', 'student_allowed_apps', 'student_exam_url', 'student_forbidden_apps', 'student_require_dob', 'student_require_email', 'student_require_name', 'student_sync_interval', 'version_number']
2026-09-16 10:57:53,271 INFO oes session_created role=admin
2026-09-16 10:57:53,272 INFO oes request method=POST path=/login status=303 duration_ms=10.58
2026-09-16 10:57:53,282 INFO oes config_read keys=['application_name', 'check_day_of_birth', 'check_email', 'check_firstname', 'check_info', 'check_secondname', 'cluster_discovery_cidr', 'cluster_discovery_port', 'cluster_enabled', 'cluster_replication_mode', 'database_backup_dir', 'database_backup_enabled', 'database_backup_interval', 'database_max_size_mb', 'database_url', 'database_wal', 'firewall_backend', 'firewall_enabled', 'https_only', 'log_level', 'log_retention_days', 'network_allowed_cidrs', 'network_public_url', 'release_date', 'server_host', 'server_port', 'session_cookie_secure', 'session_hours', 'ssh_allow_poweroff', 'ssh_connect_timeout', 'ssh_host', 'ssh_key_path', 'ssh_known_hosts', 'ssh_port', 'ssh_user', 'status', 'student_allowed_apps', 'student_exam_url', 'student_forbidden_apps', 'student_require_dob', 'student_require_email', 'student_require_name', 'student_sync_interval', 'version_number']
2026-09-16 10:57:53,290 INFO oes request method=GET path=/admin/dashboard status=200 duration_ms=9.50
2026-09-16 10:58:38,081 INFO oes config_read keys=['application_name', 'check_day_of_birth', 'check_email', 'check_firstname', 'check_info', 'check_secondname', 'cluster_discovery_cidr', 'cluster_discovery_port', 'cluster_enabled', 'cluster_replication_mode', 'database_backup_dir', 'database_backup_enabled', 'database_backup_interval', 'database_max_size_mb', 'database_url', 'database_wal', 'firewall_backend', 'firewall_enabled', 'https_only', 'log_level', 'log_retention_days', 'network_allowed_cidrs', 'network_public_url', 'release_date', 'server_host', 'server_port', 'session_cookie_secure', 'session_hours', 'ssh_allow_poweroff', 'ssh_connect_timeout', 'ssh_host', 'ssh_key_path', 'ssh_known_hosts', 'ssh_port', 'ssh_user', 'status', 'student_allowed_apps', 'student_exam_url', 'student_forbidden_apps', 'student_require_dob', 'student_require_email', 'student_require_name', 'student_sync_interval', 'version_number']
2026-09-16 10:58:38,084 INFO oes config_read keys=['application_name', 'check_day_of_birth', 'check_email', 'check_firstname', 'check_info', 'check_secondname', 'cluster_discovery_cidr', 'cluster_discovery_port', 'cluster_enabled', 'cluster_replication_mode', 'database_backup_dir', 'database_backup_enabled', 'database_backup_interval', 'database_max_size_mb', 'database_url', 'database_wal', 'firewall_backend', 'firewall_enabled', 'https_only', 'log_level', 'log_retention_days', 'network_allowed_cidrs', 'network_public_url', 'release_date', 'server_host', 'server_port', 'session_cookie_secure', 'session_hours', 'ssh_allow_poweroff', 'ssh_connect_timeout', 'ssh_host', 'ssh_key_path', 'ssh_known_hosts', 'ssh_port', 'ssh_user', 'status', 'student_allowed_apps', 'student_exam_url', 'student_forbidden_apps', 'student_require_dob', 'student_require_email', 'student_require_name', 'student_sync_interval', 'version_number']
2026-09-16 10:58:38,093 INFO oes config_read keys=['application_name', 'check_day_of_birth', 'check_email', 'check_firstname', 'check_info', 'check_secondname', 'cluster_discovery_cidr', 'cluster_discovery_port', 'cluster_enabled', 'cluster_replication_mode', 'database_backup_dir', 'database_backup_enabled', 'database_backup_interval', 'database_max_size_mb', 'database_url', 'database_wal', 'firewall_backend', 'firewall_enabled', 'https_only', 'log_level', 'log_retention_days', 'network_allowed_cidrs', 'network_public_url', 'release_date', 'server_host', 'server_port', 'session_cookie_secure', 'session_hours', 'ssh_allow_poweroff', 'ssh_connect_timeout', 'ssh_host', 'ssh_key_path', 'ssh_known_hosts', 'ssh_port', 'ssh_user', 'status', 'student_allowed_apps', 'student_exam_url', 'student_forbidden_apps', 'student_require_dob', 'student_require_email', 'student_require_name', 'student_sync_interval', 'version_number']
2026-09-16 10:58:38,105 INFO oes teacher_accounts_initialized
2026-09-16 10:58:38,108 INFO oes config_read keys=['application_name', 'check_day_of_birth', 'check_email', 'check_firstname', 'check_info', 'check_secondname', 'cluster_discovery_cidr', 'cluster_discovery_port', 'cluster_enabled', 'cluster_replication_mode', 'database_backup_dir', 'database_backup_enabled', 'database_backup_interval', 'database_max_size_mb', 'database_url', 'database_wal', 'firewall_backend', 'firewall_enabled', 'https_only', 'log_level', 'log_retention_days', 'network_allowed_cidrs', 'network_public_url', 'release_date', 'server_host', 'server_port', 'session_cookie_secure', 'session_hours', 'ssh_allow_poweroff', 'ssh_connect_timeout', 'ssh_host', 'ssh_key_path', 'ssh_known_hosts', 'ssh_port', 'ssh_user', 'status', 'student_allowed_apps', 'student_exam_url', 'student_forbidden_apps', 'student_require_dob', 'student_require_email', 'student_require_name', 'student_sync_interval', 'version_number']
2026-09-16 10:58:38,113 INFO oes config_read keys=['application_name', 'check_day_of_birth', 'check_email', 'check_firstname', 'check_info', 'check_secondname', 'cluster_discovery_cidr', 'cluster_discovery_port', 'cluster_enabled', 'cluster_replication_mode', 'database_backup_dir', 'database_backup_enabled', 'database_backup_interval', 'database_max_size_mb', 'database_url', 'database_wal', 'firewall_backend', 'firewall_enabled', 'https_only', 'log_level', 'log_retention_days', 'network_allowed_cidrs', 'network_public_url', 'release_date', 'server_host', 'server_port', 'session_cookie_secure', 'session_hours', 'ssh_allow_poweroff', 'ssh_connect_timeout', 'ssh_host', 'ssh_key_path', 'ssh_known_hosts', 'ssh_port', 'ssh_user', 'status', 'student_allowed_apps', 'student_exam_url', 'student_forbidden_apps', 'student_require_dob', 'student_require_email', 'student_require_name', 'student_sync_interval', 'version_number']
2026-09-16 10:58:38,257 INFO oes config_read keys=['application_name', 'check_day_of_birth', 'check_email', 'check_firstname', 'check_info', 'check_secondname', 'cluster_discovery_cidr', 'cluster_discovery_port', 'cluster_enabled', 'cluster_replication_mode', 'database_backup_dir', 'database_backup_enabled', 'database_backup_interval', 'database_max_size_mb', 'database_url', 'database_wal', 'firewall_backend', 'firewall_enabled', 'https_only', 'log_level', 'log_retention_days', 'network_allowed_cidrs', 'network_public_url', 'release_date', 'server_host', 'server_port', 'session_cookie_secure', 'session_hours', 'ssh_allow_poweroff', 'ssh_connect_timeout', 'ssh_host', 'ssh_key_path', 'ssh_known_hosts', 'ssh_port', 'ssh_user', 'status', 'student_allowed_apps', 'student_exam_url', 'student_forbidden_apps', 'student_require_dob', 'student_require_email', 'student_require_name', 'student_sync_interval', 'version_number']
2026-09-16 10:58:38,259 INFO oes session_created role=teacher
2026-09-16 10:58:38,260 INFO oes request method=POST path=/login status=303 duration_ms=183.41
2026-09-16 10:58:38,273 INFO oes config_read keys=['application_name', 'check_day_of_birth', 'check_email', 'check_firstname', 'check_info', 'check_secondname', 'cluster_discovery_cidr', 'cluster_discovery_port', 'cluster_enabled', 'cluster_replication_mode', 'database_backup_dir', 'database_backup_enabled', 'database_backup_interval', 'database_max_size_mb', 'database_url', 'database_wal', 'firewall_backend', 'firewall_enabled', 'https_only', 'log_level', 'log_retention_days', 'network_allowed_cidrs', 'network_public_url', 'release_date', 'server_host', 'server_port', 'session_cookie_secure', 'session_hours', 'ssh_allow_poweroff', 'ssh_connect_timeout', 'ssh_host', 'ssh_key_path', 'ssh_known_hosts', 'ssh_port', 'ssh_user', 'status', 'student_allowed_apps', 'student_exam_url', 'student_forbidden_apps', 'student_require_dob', 'student_require_email', 'student_require_name', 'student_sync_interval', 'version_number']
2026-09-16 10:58:38,279 INFO oes request method=GET path=/teacher/dashboard status=200 duration_ms=8.92
2026-09-16 10:58:41,056 INFO oes config_read keys=['application_name', 'check_day_of_birth', 'check_email', 'check_firstname', 'check_info', 'check_secondname', 'cluster_discovery_cidr', 'cluster_discovery_port', 'cluster_enabled', 'cluster_replication_mode', 'database_backup_dir', 'database_backup_enabled', 'database_backup_interval', 'database_max_size_mb', 'database_url', 'database_wal', 'firewall_backend', 'firewall_enabled', 'https_only', 'log_level', 'log_retention_days', 'network_allowed_cidrs', 'network_public_url', 'release_date', 'server_host', 'server_port', 'session_cookie_secure', 'session_hours', 'ssh_allow_poweroff', 'ssh_connect_timeout', 'ssh_host', 'ssh_key_path', 'ssh_known_hosts', 'ssh_port', 'ssh_user', 'status', 'student_allowed_apps', 'student_exam_url', 'student_forbidden_apps', 'student_require_dob', 'student_require_email', 'student_require_name', 'student_sync_interval', 'version_number']
2026-09-16 10:58:41,067 INFO oes request method=GET path=/teacher/exam-maker status=200 duration_ms=13.83
2026-09-16 10:59:07,476 INFO oes config_read keys=['application_name', 'check_day_of_birth', 'check_email', 'check_firstname', 'check_info', 'check_secondname', 'cluster_discovery_cidr', 'cluster_discovery_port', 'cluster_enabled', 'cluster_replication_mode', 'database_backup_dir', 'database_backup_enabled', 'database_backup_interval', 'database_max_size_mb', 'database_url', 'database_wal', 'firewall_backend', 'firewall_enabled', 'https_only', 'log_level', 'log_retention_days', 'network_allowed_cidrs', 'network_public_url', 'release_date', 'server_host', 'server_port', 'session_cookie_secure', 'session_hours', 'ssh_allow_poweroff', 'ssh_connect_timeout', 'ssh_host', 'ssh_key_path', 'ssh_known_hosts', 'ssh_port', 'ssh_user', 'status', 'student_allowed_apps', 'student_exam_url', 'student_forbidden_apps', 'student_require_dob', 'student_require_email', 'student_require_name', 'student_sync_interval', 'version_number']
2026-09-16 10:59:07,481 INFO oes config_read keys=['application_name', 'check_day_of_birth', 'check_email', 'check_firstname', 'check_info', 'check_secondname', 'cluster_discovery_cidr', 'cluster_discovery_port', 'cluster_enabled', 'cluster_replication_mode', 'database_backup_dir', 'database_backup_enabled', 'database_backup_interval', 'database_max_size_mb', 'database_url', 'database_wal', 'firewall_backend', 'firewall_enabled', 'https_only', 'log_level', 'log_retention_days', 'network_allowed_cidrs', 'network_public_url', 'release_date', 'server_host', 'server_port', 'session_cookie_secure', 'session_hours', 'ssh_allow_poweroff', 'ssh_connect_timeout', 'ssh_host', 'ssh_key_path', 'ssh_known_hosts', 'ssh_port', 'ssh_user', 'status', 'student_allowed_apps', 'student_exam_url', 'student_forbidden_apps', 'student_require_dob', 'student_require_email', 'student_require_name', 'student_sync_interval', 'version_number']
2026-09-16 10:59:07,485 INFO oes database_initialized path=C:\Users\ih6382\Desktop\OESServer\Open-Exam-System-main\data\oes.sqlite3
2026-09-16 10:59:07,599 INFO oes config_read keys=['application_name', 'check_day_of_birth', 'check_email', 'check_firstname', 'check_info', 'check_secondname', 'cluster_discovery_cidr', 'cluster_discovery_port', 'cluster_enabled', 'cluster_replication_mode', 'database_backup_dir', 'database_backup_enabled', 'database_backup_interval', 'database_max_size_mb', 'database_url', 'database_wal', 'firewall_backend', 'firewall_enabled', 'https_only', 'log_level', 'log_retention_days', 'network_allowed_cidrs', 'network_public_url', 'release_date', 'server_host', 'server_port', 'session_cookie_secure', 'session_hours', 'ssh_allow_poweroff', 'ssh_connect_timeout', 'ssh_host', 'ssh_key_path', 'ssh_known_hosts', 'ssh_port', 'ssh_user', 'status', 'student_allowed_apps', 'student_exam_url', 'student_forbidden_apps', 'student_require_dob', 'student_require_email', 'student_require_name', 'student_sync_interval', 'version_number']
2026-09-16 10:59:07,601 INFO oes config_read keys=['application_name', 'check_day_of_birth', 'check_email', 'check_firstname', 'check_info', 'check_secondname', 'cluster_discovery_cidr', 'cluster_discovery_port', 'cluster_enabled', 'cluster_replication_mode', 'database_backup_dir', 'database_backup_enabled', 'database_backup_interval', 'database_max_size_mb', 'database_url', 'database_wal', 'firewall_backend', 'firewall_enabled', 'https_only', 'log_level', 'log_retention_days', 'network_allowed_cidrs', 'network_public_url', 'release_date', 'server_host', 'server_port', 'session_cookie_secure', 'session_hours', 'ssh_allow_poweroff', 'ssh_connect_timeout', 'ssh_host', 'ssh_key_path', 'ssh_known_hosts', 'ssh_port', 'ssh_user', 'status', 'student_allowed_apps', 'student_exam_url', 'student_forbidden_apps', 'student_require_dob', 'student_require_email', 'student_require_name', 'student_sync_interval', 'version_number']
2026-09-16 10:59:07,606 INFO oes teacher_accounts_initialized
2026-09-16 10:59:07,609 INFO oes config_read keys=['application_name', 'check_day_of_birth', 'check_email', 'check_firstname', 'check_info', 'check_secondname', 'cluster_discovery_cidr', 'cluster_discovery_port', 'cluster_enabled', 'cluster_replication_mode', 'database_backup_dir', 'database_backup_enabled', 'database_backup_interval', 'database_max_size_mb', 'database_url', 'database_wal', 'firewall_backend', 'firewall_enabled', 'https_only', 'log_level', 'log_retention_days', 'network_allowed_cidrs', 'network_public_url', 'release_date', 'server_host', 'server_port', 'session_cookie_secure', 'session_hours', 'ssh_allow_poweroff', 'ssh_connect_timeout', 'ssh_host', 'ssh_key_path', 'ssh_known_hosts', 'ssh_port', 'ssh_user', 'status', 'student_allowed_apps', 'student_exam_url', 'student_forbidden_apps', 'student_require_dob', 'student_require_email', 'student_require_name', 'student_sync_interval', 'version_number']
2026-09-16 10:59:07,611 INFO oes config_read keys=['application_name', 'check_day_of_birth', 'check_email', 'check_firstname', 'check_info', 'check_secondname', 'cluster_discovery_cidr', 'cluster_discovery_port', 'cluster_enabled', 'cluster_replication_mode', 'database_backup_dir', 'database_backup_enabled', 'database_backup_interval', 'database_max_size_mb', 'database_url', 'database_wal', 'firewall_backend', 'firewall_enabled', 'https_only', 'log_level', 'log_retention_days', 'network_allowed_cidrs', 'network_public_url', 'release_date', 'server_host', 'server_port', 'session_cookie_secure', 'session_hours', 'ssh_allow_poweroff', 'ssh_connect_timeout', 'ssh_host', 'ssh_key_path', 'ssh_known_hosts', 'ssh_port', 'ssh_user', 'status', 'student_allowed_apps', 'student_exam_url', 'student_forbidden_apps', 'student_require_dob', 'student_require_email', 'student_require_name', 'student_sync_interval', 'version_number']
2026-09-16 10:59:07,715 INFO oes config_read keys=['application_name', 'check_day_of_birth', 'check_email', 'check_firstname', 'check_info', 'check_secondname', 'cluster_discovery_cidr', 'cluster_discovery_port', 'cluster_enabled', 'cluster_replication_mode', 'database_backup_dir', 'database_backup_enabled', 'database_backup_interval', 'database_max_size_mb', 'database_url', 'database_wal', 'firewall_backend', 'firewall_enabled', 'https_only', 'log_level', 'log_retention_days', 'network_allowed_cidrs', 'network_public_url', 'release_date', 'server_host', 'server_port', 'session_cookie_secure', 'session_hours', 'ssh_allow_poweroff', 'ssh_connect_timeout', 'ssh_host', 'ssh_key_path', 'ssh_known_hosts', 'ssh_port', 'ssh_user', 'status', 'student_allowed_apps', 'student_exam_url', 'student_forbidden_apps', 'student_require_dob', 'student_require_email', 'student_require_name', 'student_sync_interval', 'version_number']
2026-09-16 10:59:07,717 INFO oes config_read keys=['application_name', 'check_day_of_birth', 'check_email', 'check_firstname', 'check_info', 'check_secondname', 'cluster_discovery_cidr', 'cluster_discovery_port', 'cluster_enabled', 'cluster_replication_mode', 'database_backup_dir', 'database_backup_enabled', 'database_backup_interval', 'database_max_size_mb', 'database_url', 'database_wal', 'firewall_backend', 'firewall_enabled', 'https_only', 'log_level', 'log_retention_days', 'network_allowed_cidrs', 'network_public_url', 'release_date', 'server_host', 'server_port', 'session_cookie_secure', 'session_hours', 'ssh_allow_poweroff', 'ssh_connect_timeout', 'ssh_host', 'ssh_key_path', 'ssh_known_hosts', 'ssh_port', 'ssh_user', 'status', 'student_allowed_apps', 'student_exam_url', 'student_forbidden_apps', 'student_require_dob', 'student_require_email', 'student_require_name', 'student_sync_interval', 'version_number']
2026-09-16 10:59:07,723 INFO oes teacher_accounts_initialized
2026-09-16 10:59:07,726 INFO oes config_read keys=['application_name', 'check_day_of_birth', 'check_email', 'check_firstname', 'check_info', 'check_secondname', 'cluster_discovery_cidr', 'cluster_discovery_port', 'cluster_enabled', 'cluster_replication_mode', 'database_backup_dir', 'database_backup_enabled', 'database_backup_interval', 'database_max_size_mb', 'database_url', 'database_wal', 'firewall_backend', 'firewall_enabled', 'https_only', 'log_level', 'log_retention_days', 'network_allowed_cidrs', 'network_public_url', 'release_date', 'server_host', 'server_port', 'session_cookie_secure', 'session_hours', 'ssh_allow_poweroff', 'ssh_connect_timeout', 'ssh_host', 'ssh_key_path', 'ssh_known_hosts', 'ssh_port', 'ssh_user', 'status', 'student_allowed_apps', 'student_exam_url', 'student_forbidden_apps', 'student_require_dob', 'student_require_email', 'student_require_name', 'student_sync_interval', 'version_number']
2026-09-16 10:59:07,728 INFO oes config_read keys=['application_name', 'check_day_of_birth', 'check_email', 'check_firstname', 'check_info', 'check_secondname', 'cluster_discovery_cidr', 'cluster_discovery_port', 'cluster_enabled', 'cluster_replication_mode', 'database_backup_dir', 'database_backup_enabled', 'database_backup_interval', 'database_max_size_mb', 'database_url', 'database_wal', 'firewall_backend', 'firewall_enabled', 'https_only', 'log_level', 'log_retention_days', 'network_allowed_cidrs', 'network_public_url', 'release_date', 'server_host', 'server_port', 'session_cookie_secure', 'session_hours', 'ssh_allow_poweroff', 'ssh_connect_timeout', 'ssh_host', 'ssh_key_path', 'ssh_known_hosts', 'ssh_port', 'ssh_user', 'status', 'student_allowed_apps', 'student_exam_url', 'student_forbidden_apps', 'student_require_dob', 'student_require_email', 'student_require_name', 'student_sync_interval', 'version_number']
2026-09-16 10:59:07,903 WARNING oes session_missing path=/admin/dashboard
2026-09-16 10:59:07,905 INFO oes request method=GET path=/admin/dashboard status=401 duration_ms=5.22
2026-09-16 10:59:07,912 WARNING oes session_missing path=/teacher/dashboard
2026-09-16 10:59:07,913 INFO oes request method=GET path=/teacher/dashboard status=401 duration_ms=2.15
2026-09-16 10:59:07,927 INFO oes request method=GET path=/student/login status=200 duration_ms=8.97
2026-09-16 10:59:07,934 INFO oes request method=GET path=/sites/admistrator-sites/admistrator-dashboard.html status=404 duration_ms=0.35
2026-09-16 10:59:07,943 INFO oes request method=GET path=/admistrator-sites/admistrator-dashboard.html status=404 duration_ms=0.45
2026-09-16 10:59:07,948 INFO oes request method=GET path=/admistrator-dashboard.html status=404 duration_ms=0.35
2026-09-16 10:59:07,954 INFO oes request method=GET path=/teacher-sites/teacher-dashboard.html status=404 duration_ms=0.90
2026-09-16 10:59:21,152 INFO oes config_read keys=['application_name', 'check_day_of_birth', 'check_email', 'check_firstname', 'check_info', 'check_secondname', 'cluster_discovery_cidr', 'cluster_discovery_port', 'cluster_enabled', 'cluster_replication_mode', 'database_backup_dir', 'database_backup_enabled', 'database_backup_interval', 'database_max_size_mb', 'database_url', 'database_wal', 'firewall_backend', 'firewall_enabled', 'https_only', 'log_level', 'log_retention_days', 'network_allowed_cidrs', 'network_public_url', 'release_date', 'server_host', 'server_port', 'session_cookie_secure', 'session_hours', 'ssh_allow_poweroff', 'ssh_connect_timeout', 'ssh_host', 'ssh_key_path', 'ssh_known_hosts', 'ssh_port', 'ssh_user', 'status', 'student_allowed_apps', 'student_exam_url', 'student_forbidden_apps', 'student_require_dob', 'student_require_email', 'student_require_name', 'student_sync_interval', 'version_number']
2026-09-16 10:59:21,187 INFO oes request method=GET path=/teacher/version status=200 duration_ms=37.47
2026-09-16 10:59:21,387 INFO oes request method=GET path=/config.json status=404 duration_ms=117.09
2026-09-16 10:59:25,006 INFO oes config_read keys=['application_name', 'check_day_of_birth', 'check_email', 'check_firstname', 'check_info', 'check_secondname', 'cluster_discovery_cidr', 'cluster_discovery_port', 'cluster_enabled', 'cluster_replication_mode', 'database_backup_dir', 'database_backup_enabled', 'database_backup_interval', 'database_max_size_mb', 'database_url', 'database_wal', 'firewall_backend', 'firewall_enabled', 'https_only', 'log_level', 'log_retention_days', 'network_allowed_cidrs', 'network_public_url', 'release_date', 'server_host', 'server_port', 'session_cookie_secure', 'session_hours', 'ssh_allow_poweroff', 'ssh_connect_timeout', 'ssh_host', 'ssh_key_path', 'ssh_known_hosts', 'ssh_port', 'ssh_user', 'status', 'student_allowed_apps', 'student_exam_url', 'student_forbidden_apps', 'student_require_dob', 'student_require_email', 'student_require_name', 'student_sync_interval', 'version_number']
2026-09-16 10:59:25,011 INFO oes request method=GET path=/teacher/dashboard status=200 duration_ms=10.01
2026-09-16 10:59:29,170 WARNING oes session_missing path=/admin/dashboard
2026-09-16 10:59:29,210 INFO oes request method=GET path=/admin/dashboard status=401 duration_ms=82.71
2026-09-16 10:59:29,362 INFO oes request method=GET path=/teacher/dashboard status=404 duration_ms=1.39
2026-09-16 10:59:29,368 INFO oes request method=GET path=/sites/admistrator-sites/admistrator-dashboard.html status=404 duration_ms=1.01
2026-09-16 10:59:29,380 INFO oes request method=GET path=/admistrator-dashboard.html status=404 duration_ms=1.12
2026-09-16 10:59:29,393 WARNING oes session_missing path=/admin/dashboard
2026-09-16 10:59:29,395 INFO oes request method=GET path=/admin/dashboard status=401 duration_ms=3.10
2026-09-16 10:59:29,406 WARNING oes session_missing path=/teacher/dashboard
2026-09-16 10:59:29,409 INFO oes request method=GET path=/teacher/dashboard status=401 duration_ms=4.99
2026-09-16 10:59:29,416 INFO oes request method=GET path=/sites/admistrator-sites/admistrator-dashboard.html status=404 duration_ms=1.19
2026-09-16 10:59:29,426 INFO oes request method=GET path=/admistrator-dashboard.html status=404 duration_ms=1.44
2026-09-16 10:59:30,493 INFO oes config_read keys=['application_name', 'check_day_of_birth', 'check_email', 'check_firstname', 'check_info', 'check_secondname', 'cluster_discovery_cidr', 'cluster_discovery_port', 'cluster_enabled', 'cluster_replication_mode', 'database_backup_dir', 'database_backup_enabled', 'database_backup_interval', 'database_max_size_mb', 'database_url', 'database_wal', 'firewall_backend', 'firewall_enabled', 'https_only', 'log_level', 'log_retention_days', 'network_allowed_cidrs', 'network_public_url', 'release_date', 'server_host', 'server_port', 'session_cookie_secure', 'session_hours', 'ssh_allow_poweroff', 'ssh_connect_timeout', 'ssh_host', 'ssh_key_path', 'ssh_known_hosts', 'ssh_port', 'ssh_user', 'status', 'student_allowed_apps', 'student_exam_url', 'student_forbidden_apps', 'student_require_dob', 'student_require_email', 'student_require_name', 'student_sync_interval', 'version_number']
2026-09-16 10:59:30,499 INFO oes request method=GET path=/teacher/students status=200 duration_ms=10.09
2026-09-16 10:59:34,413 INFO oes config_read keys=['application_name', 'check_day_of_birth', 'check_email', 'check_firstname', 'check_info', 'check_secondname', 'cluster_discovery_cidr', 'cluster_discovery_port', 'cluster_enabled', 'cluster_replication_mode', 'database_backup_dir', 'database_backup_enabled', 'database_backup_interval', 'database_max_size_mb', 'database_url', 'database_wal', 'firewall_backend', 'firewall_enabled', 'https_only', 'log_level', 'log_retention_days', 'network_allowed_cidrs', 'network_public_url', 'release_date', 'server_host', 'server_port', 'session_cookie_secure', 'session_hours', 'ssh_allow_poweroff', 'ssh_connect_timeout', 'ssh_host', 'ssh_key_path', 'ssh_known_hosts', 'ssh_port', 'ssh_user', 'status', 'student_allowed_apps', 'student_exam_url', 'student_forbidden_apps', 'student_require_dob', 'student_require_email', 'student_require_name', 'student_sync_interval', 'version_number']
2026-09-16 10:59:34,420 INFO oes request method=GET path=/teacher/exam-maker status=200 duration_ms=9.90
2026-09-16 10:59:47,943 INFO oes config_read keys=['application_name', 'check_day_of_birth', 'check_email', 'check_firstname', 'check_info', 'check_secondname', 'cluster_discovery_cidr', 'cluster_discovery_port', 'cluster_enabled', 'cluster_replication_mode', 'database_backup_dir', 'database_backup_enabled', 'database_backup_interval', 'database_max_size_mb', 'database_url', 'database_wal', 'firewall_backend', 'firewall_enabled', 'https_only', 'log_level', 'log_retention_days', 'network_allowed_cidrs', 'network_public_url', 'release_date', 'server_host', 'server_port', 'session_cookie_secure', 'session_hours', 'ssh_allow_poweroff', 'ssh_connect_timeout', 'ssh_host', 'ssh_key_path', 'ssh_known_hosts', 'ssh_port', 'ssh_user', 'status', 'student_allowed_apps', 'student_exam_url', 'student_forbidden_apps', 'student_require_dob', 'student_require_email', 'student_require_name', 'student_sync_interval', 'version_number']
2026-09-16 10:59:47,947 INFO oes request method=GET path=/teacher/logs status=200 duration_ms=8.29
2026-09-16 10:59:49,154 INFO oes config_read keys=['application_name', 'check_day_of_birth', 'check_email', 'check_firstname', 'check_info', 'check_secondname', 'cluster_discovery_cidr', 'cluster_discovery_port', 'cluster_enabled', 'cluster_replication_mode', 'database_backup_dir', 'database_backup_enabled', 'database_backup_interval', 'database_max_size_mb', 'database_url', 'database_wal', 'firewall_backend', 'firewall_enabled', 'https_only', 'log_level', 'log_retention_days', 'network_allowed_cidrs', 'network_public_url', 'release_date', 'server_host', 'server_port', 'session_cookie_secure', 'session_hours', 'ssh_allow_poweroff', 'ssh_connect_timeout', 'ssh_host', 'ssh_key_path', 'ssh_known_hosts', 'ssh_port', 'ssh_user', 'status', 'student_allowed_apps', 'student_exam_url', 'student_forbidden_apps', 'student_require_dob', 'student_require_email', 'student_require_name', 'student_sync_interval', 'version_number']
2026-09-16 10:59:49,159 INFO oes request method=GET path=/teacher/preview-exam status=200 duration_ms=11.47
2026-09-16 10:59:58,512 INFO oes config_read keys=['application_name', 'check_day_of_birth', 'check_email', 'check_firstname', 'check_info', 'check_secondname', 'cluster_discovery_cidr', 'cluster_discovery_port', 'cluster_enabled', 'cluster_replication_mode', 'database_backup_dir', 'database_backup_enabled', 'database_backup_interval', 'database_max_size_mb', 'database_url', 'database_wal', 'firewall_backend', 'firewall_enabled', 'https_only', 'log_level', 'log_retention_days', 'network_allowed_cidrs', 'network_public_url', 'release_date', 'server_host', 'server_port', 'session_cookie_secure', 'session_hours', 'ssh_allow_poweroff', 'ssh_connect_timeout', 'ssh_host', 'ssh_key_path', 'ssh_known_hosts', 'ssh_port', 'ssh_user', 'status', 'student_allowed_apps', 'student_exam_url', 'student_forbidden_apps', 'student_require_dob', 'student_require_email', 'student_require_name', 'student_sync_interval', 'version_number']
2026-09-16 10:59:58,514 INFO oes config_read keys=['application_name', 'check_day_of_birth', 'check_email', 'check_firstname', 'check_info', 'check_secondname', 'cluster_discovery_cidr', 'cluster_discovery_port', 'cluster_enabled', 'cluster_replication_mode', 'database_backup_dir', 'database_backup_enabled', 'database_backup_interval', 'database_max_size_mb', 'database_url', 'database_wal', 'firewall_backend', 'firewall_enabled', 'https_only', 'log_level', 'log_retention_days', 'network_allowed_cidrs', 'network_public_url', 'release_date', 'server_host', 'server_port', 'session_cookie_secure', 'session_hours', 'ssh_allow_poweroff', 'ssh_connect_timeout', 'ssh_host', 'ssh_key_path', 'ssh_known_hosts', 'ssh_port', 'ssh_user', 'status', 'student_allowed_apps', 'student_exam_url', 'student_forbidden_apps', 'student_require_dob', 'student_require_email', 'student_require_name', 'student_sync_interval', 'version_number']
2026-09-16 10:59:58,516 INFO oes database_initialized path=C:\Users\ih6382\Desktop\OESServer\Open-Exam-System-main\data\oes.sqlite3
2026-09-16 10:59:58,563 INFO oes config_read keys=['application_name', 'check_day_of_birth', 'check_email', 'check_firstname', 'check_info', 'check_secondname', 'cluster_discovery_cidr', 'cluster_discovery_port', 'cluster_enabled', 'cluster_replication_mode', 'database_backup_dir', 'database_backup_enabled', 'database_backup_interval', 'database_max_size_mb', 'database_url', 'database_wal', 'firewall_backend', 'firewall_enabled', 'https_only', 'log_level', 'log_retention_days', 'network_allowed_cidrs', 'network_public_url', 'release_date', 'server_host', 'server_port', 'session_cookie_secure', 'session_hours', 'ssh_allow_poweroff', 'ssh_connect_timeout', 'ssh_host', 'ssh_key_path', 'ssh_known_hosts', 'ssh_port', 'ssh_user', 'status', 'student_allowed_apps', 'student_exam_url', 'student_forbidden_apps', 'student_require_dob', 'student_require_email', 'student_require_name', 'student_sync_interval', 'version_number']
2026-09-16 10:59:58,565 INFO oes config_read keys=['application_name', 'check_day_of_birth', 'check_email', 'check_firstname', 'check_info', 'check_secondname', 'cluster_discovery_cidr', 'cluster_discovery_port', 'cluster_enabled', 'cluster_replication_mode', 'database_backup_dir', 'database_backup_enabled', 'database_backup_interval', 'database_max_size_mb', 'database_url', 'database_wal', 'firewall_backend', 'firewall_enabled', 'https_only', 'log_level', 'log_retention_days', 'network_allowed_cidrs', 'network_public_url', 'release_date', 'server_host', 'server_port', 'session_cookie_secure', 'session_hours', 'ssh_allow_poweroff', 'ssh_connect_timeout', 'ssh_host', 'ssh_key_path', 'ssh_known_hosts', 'ssh_port', 'ssh_user', 'status', 'student_allowed_apps', 'student_exam_url', 'student_forbidden_apps', 'student_require_dob', 'student_require_email', 'student_require_name', 'student_sync_interval', 'version_number']
2026-09-16 10:59:58,566 INFO oes teacher_accounts_initialized
2026-09-16 10:59:58,567 INFO oes config_read keys=['application_name', 'check_day_of_birth', 'check_email', 'check_firstname', 'check_info', 'check_secondname', 'cluster_discovery_cidr', 'cluster_discovery_port', 'cluster_enabled', 'cluster_replication_mode', 'database_backup_dir', 'database_backup_enabled', 'database_backup_interval', 'database_max_size_mb', 'database_url', 'database_wal', 'firewall_backend', 'firewall_enabled', 'https_only', 'log_level', 'log_retention_days', 'network_allowed_cidrs', 'network_public_url', 'release_date', 'server_host', 'server_port', 'session_cookie_secure', 'session_hours', 'ssh_allow_poweroff', 'ssh_connect_timeout', 'ssh_host', 'ssh_key_path', 'ssh_known_hosts', 'ssh_port', 'ssh_user', 'status', 'student_allowed_apps', 'student_exam_url', 'student_forbidden_apps', 'student_require_dob', 'student_require_email', 'student_require_name', 'student_sync_interval', 'version_number']
2026-09-16 10:59:58,568 INFO oes config_read keys=['application_name', 'check_day_of_birth', 'check_email', 'check_firstname', 'check_info', 'check_secondname', 'cluster_discovery_cidr', 'cluster_discovery_port', 'cluster_enabled', 'cluster_replication_mode', 'database_backup_dir', 'database_backup_enabled', 'database_backup_interval', 'database_max_size_mb', 'database_url', 'database_wal', 'firewall_backend', 'firewall_enabled', 'https_only', 'log_level', 'log_retention_days', 'network_allowed_cidrs', 'network_public_url', 'release_date', 'server_host', 'server_port', 'session_cookie_secure', 'session_hours', 'ssh_allow_poweroff', 'ssh_connect_timeout', 'ssh_host', 'ssh_key_path', 'ssh_known_hosts', 'ssh_port', 'ssh_user', 'status', 'student_allowed_apps', 'student_exam_url', 'student_forbidden_apps', 'student_require_dob', 'student_require_email', 'student_require_name', 'student_sync_interval', 'version_number']
2026-09-16 10:59:58,617 INFO oes config_read keys=['application_name', 'check_day_of_birth', 'check_email', 'check_firstname', 'check_info', 'check_secondname', 'cluster_discovery_cidr', 'cluster_discovery_port', 'cluster_enabled', 'cluster_replication_mode', 'database_backup_dir', 'database_backup_enabled', 'database_backup_interval', 'database_max_size_mb', 'database_url', 'database_wal', 'firewall_backend', 'firewall_enabled', 'https_only', 'log_level', 'log_retention_days', 'network_allowed_cidrs', 'network_public_url', 'release_date', 'server_host', 'server_port', 'session_cookie_secure', 'session_hours', 'ssh_allow_poweroff', 'ssh_connect_timeout', 'ssh_host', 'ssh_key_path', 'ssh_known_hosts', 'ssh_port', 'ssh_user', 'status', 'student_allowed_apps', 'student_exam_url', 'student_forbidden_apps', 'student_require_dob', 'student_require_email', 'student_require_name', 'student_sync_interval', 'version_number']
2026-09-16 10:59:58,618 INFO oes config_read keys=['application_name', 'check_day_of_birth', 'check_email', 'check_firstname', 'check_info', 'check_secondname', 'cluster_discovery_cidr', 'cluster_discovery_port', 'cluster_enabled', 'cluster_replication_mode', 'database_backup_dir', 'database_backup_enabled', 'database_backup_interval', 'database_max_size_mb', 'database_url', 'database_wal', 'firewall_backend', 'firewall_enabled', 'https_only', 'log_level', 'log_retention_days', 'network_allowed_cidrs', 'network_public_url', 'release_date', 'server_host', 'server_port', 'session_cookie_secure', 'session_hours', 'ssh_allow_poweroff', 'ssh_connect_timeout', 'ssh_host', 'ssh_key_path', 'ssh_known_hosts', 'ssh_port', 'ssh_user', 'status', 'student_allowed_apps', 'student_exam_url', 'student_forbidden_apps', 'student_require_dob', 'student_require_email', 'student_require_name', 'student_sync_interval', 'version_number']
2026-09-16 10:59:58,620 INFO oes teacher_accounts_initialized
2026-09-16 10:59:58,622 INFO oes config_read keys=['application_name', 'check_day_of_birth', 'check_email', 'check_firstname', 'check_info', 'check_secondname', 'cluster_discovery_cidr', 'cluster_discovery_port', 'cluster_enabled', 'cluster_replication_mode', 'database_backup_dir', 'database_backup_enabled', 'database_backup_interval', 'database_max_size_mb', 'database_url', 'database_wal', 'firewall_backend', 'firewall_enabled', 'https_only', 'log_level', 'log_retention_days', 'network_allowed_cidrs', 'network_public_url', 'release_date', 'server_host', 'server_port', 'session_cookie_secure', 'session_hours', 'ssh_allow_poweroff', 'ssh_connect_timeout', 'ssh_host', 'ssh_key_path', 'ssh_known_hosts', 'ssh_port', 'ssh_user', 'status', 'student_allowed_apps', 'student_exam_url', 'student_forbidden_apps', 'student_require_dob', 'student_require_email', 'student_require_name', 'student_sync_interval', 'version_number']
2026-09-16 10:59:58,625 INFO oes config_read keys=['application_name', 'check_day_of_birth', 'check_email', 'check_firstname', 'check_info', 'check_secondname', 'cluster_discovery_cidr', 'cluster_discovery_port', 'cluster_enabled', 'cluster_replication_mode', 'database_backup_dir', 'database_backup_enabled', 'database_backup_interval', 'database_max_size_mb', 'database_url', 'database_wal', 'firewall_backend', 'firewall_enabled', 'https_only', 'log_level', 'log_retention_days', 'network_allowed_cidrs', 'network_public_url', 'release_date', 'server_host', 'server_port', 'session_cookie_secure', 'session_hours', 'ssh_allow_poweroff', 'ssh_connect_timeout', 'ssh_host', 'ssh_key_path', 'ssh_known_hosts', 'ssh_port', 'ssh_user', 'status', 'student_allowed_apps', 'student_exam_url', 'student_forbidden_apps', 'student_require_dob', 'student_require_email', 'student_require_name', 'student_sync_interval', 'version_number']
2026-09-16 10:59:58,852 WARNING oes session_missing path=/admin/dashboard
2026-09-16 10:59:58,853 INFO oes request method=GET path=/admin/dashboard status=401 duration_ms=2.92
2026-09-16 10:59:58,861 WARNING oes session_missing path=/teacher/dashboard
2026-09-16 10:59:58,862 INFO oes request method=GET path=/teacher/dashboard status=401 duration_ms=3.77
2026-09-16 10:59:58,866 WARNING oes direct_page_access_blocked path=/sites/admistrator-sites/admistrator-dashboard.html
2026-09-16 10:59:58,871 WARNING oes direct_page_access_blocked path=/admistrator-dashboard.html
2026-09-16 10:59:58,875 WARNING oes direct_page_access_blocked path=/teacher-dashboard.html
2026-09-16 10:59:58,884 INFO oes request method=GET path=/student/login status=200 duration_ms=2.74
2026-09-16 11:00:15,685 INFO oes config_read keys=['application_name', 'check_day_of_birth', 'check_email', 'check_firstname', 'check_info', 'check_secondname', 'cluster_discovery_cidr', 'cluster_discovery_port', 'cluster_enabled', 'cluster_replication_mode', 'database_backup_dir', 'database_backup_enabled', 'database_backup_interval', 'database_max_size_mb', 'database_url', 'database_wal', 'firewall_backend', 'firewall_enabled', 'https_only', 'log_level', 'log_retention_days', 'network_allowed_cidrs', 'network_public_url', 'release_date', 'server_host', 'server_port', 'session_cookie_secure', 'session_hours', 'ssh_allow_poweroff', 'ssh_connect_timeout', 'ssh_host', 'ssh_key_path', 'ssh_known_hosts', 'ssh_port', 'ssh_user', 'status', 'student_allowed_apps', 'student_exam_url', 'student_forbidden_apps', 'student_require_dob', 'student_require_email', 'student_require_name', 'student_sync_interval', 'version_number']
2026-09-16 11:00:15,687 INFO oes config_read keys=['application_name', 'check_day_of_birth', 'check_email', 'check_firstname', 'check_info', 'check_secondname', 'cluster_discovery_cidr', 'cluster_discovery_port', 'cluster_enabled', 'cluster_replication_mode', 'database_backup_dir', 'database_backup_enabled', 'database_backup_interval', 'database_max_size_mb', 'database_url', 'database_wal', 'firewall_backend', 'firewall_enabled', 'https_only', 'log_level', 'log_retention_days', 'network_allowed_cidrs', 'network_public_url', 'release_date', 'server_host', 'server_port', 'session_cookie_secure', 'session_hours', 'ssh_allow_poweroff', 'ssh_connect_timeout', 'ssh_host', 'ssh_key_path', 'ssh_known_hosts', 'ssh_port', 'ssh_user', 'status', 'student_allowed_apps', 'student_exam_url', 'student_forbidden_apps', 'student_require_dob', 'student_require_email', 'student_require_name', 'student_sync_interval', 'version_number']
2026-09-16 11:00:15,688 INFO oes database_initialized path=C:\Users\ih6382\Desktop\OESServer\Open-Exam-System-main\data\oes.sqlite3
2026-09-16 11:00:15,744 INFO oes config_read keys=['application_name', 'check_day_of_birth', 'check_email', 'check_firstname', 'check_info', 'check_secondname', 'cluster_discovery_cidr', 'cluster_discovery_port', 'cluster_enabled', 'cluster_replication_mode', 'database_backup_dir', 'database_backup_enabled', 'database_backup_interval', 'database_max_size_mb', 'database_url', 'database_wal', 'firewall_backend', 'firewall_enabled', 'https_only', 'log_level', 'log_retention_days', 'network_allowed_cidrs', 'network_public_url', 'release_date', 'server_host', 'server_port', 'session_cookie_secure', 'session_hours', 'ssh_allow_poweroff', 'ssh_connect_timeout', 'ssh_host', 'ssh_key_path', 'ssh_known_hosts', 'ssh_port', 'ssh_user', 'status', 'student_allowed_apps', 'student_exam_url', 'student_forbidden_apps', 'student_require_dob', 'student_require_email', 'student_require_name', 'student_sync_interval', 'version_number']
2026-09-16 11:00:15,748 INFO oes config_read keys=['application_name', 'check_day_of_birth', 'check_email', 'check_firstname', 'check_info', 'check_secondname', 'cluster_discovery_cidr', 'cluster_discovery_port', 'cluster_enabled', 'cluster_replication_mode', 'database_backup_dir', 'database_backup_enabled', 'database_backup_interval', 'database_max_size_mb', 'database_url', 'database_wal', 'firewall_backend', 'firewall_enabled', 'https_only', 'log_level', 'log_retention_days', 'network_allowed_cidrs', 'network_public_url', 'release_date', 'server_host', 'server_port', 'session_cookie_secure', 'session_hours', 'ssh_allow_poweroff', 'ssh_connect_timeout', 'ssh_host', 'ssh_key_path', 'ssh_known_hosts', 'ssh_port', 'ssh_user', 'status', 'student_allowed_apps', 'student_exam_url', 'student_forbidden_apps', 'student_require_dob', 'student_require_email', 'student_require_name', 'student_sync_interval', 'version_number']
2026-09-16 11:00:15,751 INFO oes teacher_accounts_initialized
2026-09-16 11:00:15,752 INFO oes config_read keys=['application_name', 'check_day_of_birth', 'check_email', 'check_firstname', 'check_info', 'check_secondname', 'cluster_discovery_cidr', 'cluster_discovery_port', 'cluster_enabled', 'cluster_replication_mode', 'database_backup_dir', 'database_backup_enabled', 'database_backup_interval', 'database_max_size_mb', 'database_url', 'database_wal', 'firewall_backend', 'firewall_enabled', 'https_only', 'log_level', 'log_retention_days', 'network_allowed_cidrs', 'network_public_url', 'release_date', 'server_host', 'server_port', 'session_cookie_secure', 'session_hours', 'ssh_allow_poweroff', 'ssh_connect_timeout', 'ssh_host', 'ssh_key_path', 'ssh_known_hosts', 'ssh_port', 'ssh_user', 'status', 'student_allowed_apps', 'student_exam_url', 'student_forbidden_apps', 'student_require_dob', 'student_require_email', 'student_require_name', 'student_sync_interval', 'version_number']
2026-09-16 11:00:15,754 INFO oes config_read keys=['application_name', 'check_day_of_birth', 'check_email', 'check_firstname', 'check_info', 'check_secondname', 'cluster_discovery_cidr', 'cluster_discovery_port', 'cluster_enabled', 'cluster_replication_mode', 'database_backup_dir', 'database_backup_enabled', 'database_backup_interval', 'database_max_size_mb', 'database_url', 'database_wal', 'firewall_backend', 'firewall_enabled', 'https_only', 'log_level', 'log_retention_days', 'network_allowed_cidrs', 'network_public_url', 'release_date', 'server_host', 'server_port', 'session_cookie_secure', 'session_hours', 'ssh_allow_poweroff', 'ssh_connect_timeout', 'ssh_host', 'ssh_key_path', 'ssh_known_hosts', 'ssh_port', 'ssh_user', 'status', 'student_allowed_apps', 'student_exam_url', 'student_forbidden_apps', 'student_require_dob', 'student_require_email', 'student_require_name', 'student_sync_interval', 'version_number']
2026-09-16 11:00:15,816 INFO oes config_read keys=['application_name', 'check_day_of_birth', 'check_email', 'check_firstname', 'check_info', 'check_secondname', 'cluster_discovery_cidr', 'cluster_discovery_port', 'cluster_enabled', 'cluster_replication_mode', 'database_backup_dir', 'database_backup_enabled', 'database_backup_interval', 'database_max_size_mb', 'database_url', 'database_wal', 'firewall_backend', 'firewall_enabled', 'https_only', 'log_level', 'log_retention_days', 'network_allowed_cidrs', 'network_public_url', 'release_date', 'server_host', 'server_port', 'session_cookie_secure', 'session_hours', 'ssh_allow_poweroff', 'ssh_connect_timeout', 'ssh_host', 'ssh_key_path', 'ssh_known_hosts', 'ssh_port', 'ssh_user', 'status', 'student_allowed_apps', 'student_exam_url', 'student_forbidden_apps', 'student_require_dob', 'student_require_email', 'student_require_name', 'student_sync_interval', 'version_number']
2026-09-16 11:00:15,817 INFO oes config_read keys=['application_name', 'check_day_of_birth', 'check_email', 'check_firstname', 'check_info', 'check_secondname', 'cluster_discovery_cidr', 'cluster_discovery_port', 'cluster_enabled', 'cluster_replication_mode', 'database_backup_dir', 'database_backup_enabled', 'database_backup_interval', 'database_max_size_mb', 'database_url', 'database_wal', 'firewall_backend', 'firewall_enabled', 'https_only', 'log_level', 'log_retention_days', 'network_allowed_cidrs', 'network_public_url', 'release_date', 'server_host', 'server_port', 'session_cookie_secure', 'session_hours', 'ssh_allow_poweroff', 'ssh_connect_timeout', 'ssh_host', 'ssh_key_path', 'ssh_known_hosts', 'ssh_port', 'ssh_user', 'status', 'student_allowed_apps', 'student_exam_url', 'student_forbidden_apps', 'student_require_dob', 'student_require_email', 'student_require_name', 'student_sync_interval', 'version_number']
2026-09-16 11:00:15,819 INFO oes teacher_accounts_initialized
2026-09-16 11:00:15,820 INFO oes config_read keys=['application_name', 'check_day_of_birth', 'check_email', 'check_firstname', 'check_info', 'check_secondname', 'cluster_discovery_cidr', 'cluster_discovery_port', 'cluster_enabled', 'cluster_replication_mode', 'database_backup_dir', 'database_backup_enabled', 'database_backup_interval', 'database_max_size_mb', 'database_url', 'database_wal', 'firewall_backend', 'firewall_enabled', 'https_only', 'log_level', 'log_retention_days', 'network_allowed_cidrs', 'network_public_url', 'release_date', 'server_host', 'server_port', 'session_cookie_secure', 'session_hours', 'ssh_allow_poweroff', 'ssh_connect_timeout', 'ssh_host', 'ssh_key_path', 'ssh_known_hosts', 'ssh_port', 'ssh_user', 'status', 'student_allowed_apps', 'student_exam_url', 'student_forbidden_apps', 'student_require_dob', 'student_require_email', 'student_require_name', 'student_sync_interval', 'version_number']
2026-09-16 11:00:15,821 INFO oes config_read keys=['application_name', 'check_day_of_birth', 'check_email', 'check_firstname', 'check_info', 'check_secondname', 'cluster_discovery_cidr', 'cluster_discovery_port', 'cluster_enabled', 'cluster_replication_mode', 'database_backup_dir', 'database_backup_enabled', 'database_backup_interval', 'database_max_size_mb', 'database_url', 'database_wal', 'firewall_backend', 'firewall_enabled', 'https_only', 'log_level', 'log_retention_days', 'network_allowed_cidrs', 'network_public_url', 'release_date', 'server_host', 'server_port', 'session_cookie_secure', 'session_hours', 'ssh_allow_poweroff', 'ssh_connect_timeout', 'ssh_host', 'ssh_key_path', 'ssh_known_hosts', 'ssh_port', 'ssh_user', 'status', 'student_allowed_apps', 'student_exam_url', 'student_forbidden_apps', 'student_require_dob', 'student_require_email', 'student_require_name', 'student_sync_interval', 'version_number']
2026-09-16 11:00:57,013 INFO oes config_read keys=['application_name', 'check_day_of_birth', 'check_email', 'check_firstname', 'check_info', 'check_secondname', 'cluster_discovery_cidr', 'cluster_discovery_port', 'cluster_enabled', 'cluster_replication_mode', 'database_backup_dir', 'database_backup_enabled', 'database_backup_interval', 'database_max_size_mb', 'database_url', 'database_wal', 'firewall_backend', 'firewall_enabled', 'https_only', 'log_level', 'log_retention_days', 'network_allowed_cidrs', 'network_public_url', 'release_date', 'server_host', 'server_port', 'session_cookie_secure', 'session_hours', 'ssh_allow_poweroff', 'ssh_connect_timeout', 'ssh_host', 'ssh_key_path', 'ssh_known_hosts', 'ssh_port', 'ssh_user', 'status', 'student_allowed_apps', 'student_exam_url', 'student_forbidden_apps', 'student_require_dob', 'student_require_email', 'student_require_name', 'student_sync_interval', 'version_number']
2026-09-16 11:00:57,014 INFO oes config_read keys=['application_name', 'check_day_of_birth', 'check_email', 'check_firstname', 'check_info', 'check_secondname', 'cluster_discovery_cidr', 'cluster_discovery_port', 'cluster_enabled', 'cluster_replication_mode', 'database_backup_dir', 'database_backup_enabled', 'database_backup_interval', 'database_max_size_mb', 'database_url', 'database_wal', 'firewall_backend', 'firewall_enabled', 'https_only', 'log_level', 'log_retention_days', 'network_allowed_cidrs', 'network_public_url', 'release_date', 'server_host', 'server_port', 'session_cookie_secure', 'session_hours', 'ssh_allow_poweroff', 'ssh_connect_timeout', 'ssh_host', 'ssh_key_path', 'ssh_known_hosts', 'ssh_port', 'ssh_user', 'status', 'student_allowed_apps', 'student_exam_url', 'student_forbidden_apps', 'student_require_dob', 'student_require_email', 'student_require_name', 'student_sync_interval', 'version_number']
2026-09-16 11:00:57,016 INFO oes database_initialized path=C:\Users\ih6382\Desktop\OESServer\Open-Exam-System-main\data\oes.sqlite3
2026-09-16 11:00:57,080 INFO oes config_read keys=['application_name', 'check_day_of_birth', 'check_email', 'check_firstname', 'check_info', 'check_secondname', 'cluster_discovery_cidr', 'cluster_discovery_port', 'cluster_enabled', 'cluster_replication_mode', 'database_backup_dir', 'database_backup_enabled', 'database_backup_interval', 'database_max_size_mb', 'database_url', 'database_wal', 'firewall_backend', 'firewall_enabled', 'https_only', 'log_level', 'log_retention_days', 'network_allowed_cidrs', 'network_public_url', 'release_date', 'server_host', 'server_port', 'session_cookie_secure', 'session_hours', 'ssh_allow_poweroff', 'ssh_connect_timeout', 'ssh_host', 'ssh_key_path', 'ssh_known_hosts', 'ssh_port', 'ssh_user', 'status', 'student_allowed_apps', 'student_exam_url', 'student_forbidden_apps', 'student_require_dob', 'student_require_email', 'student_require_name', 'student_sync_interval', 'version_number']
2026-09-16 11:00:57,082 INFO oes config_read keys=['application_name', 'check_day_of_birth', 'check_email', 'check_firstname', 'check_info', 'check_secondname', 'cluster_discovery_cidr', 'cluster_discovery_port', 'cluster_enabled', 'cluster_replication_mode', 'database_backup_dir', 'database_backup_enabled', 'database_backup_interval', 'database_max_size_mb', 'database_url', 'database_wal', 'firewall_backend', 'firewall_enabled', 'https_only', 'log_level', 'log_retention_days', 'network_allowed_cidrs', 'network_public_url', 'release_date', 'server_host', 'server_port', 'session_cookie_secure', 'session_hours', 'ssh_allow_poweroff', 'ssh_connect_timeout', 'ssh_host', 'ssh_key_path', 'ssh_known_hosts', 'ssh_port', 'ssh_user', 'status', 'student_allowed_apps', 'student_exam_url', 'student_forbidden_apps', 'student_require_dob', 'student_require_email', 'student_require_name', 'student_sync_interval', 'version_number']
2026-09-16 11:00:57,084 INFO oes teacher_accounts_initialized
2026-09-16 11:00:57,085 INFO oes config_read keys=['application_name', 'check_day_of_birth', 'check_email', 'check_firstname', 'check_info', 'check_secondname', 'cluster_discovery_cidr', 'cluster_discovery_port', 'cluster_enabled', 'cluster_replication_mode', 'database_backup_dir', 'database_backup_enabled', 'database_backup_interval', 'database_max_size_mb', 'database_url', 'database_wal', 'firewall_backend', 'firewall_enabled', 'https_only', 'log_level', 'log_retention_days', 'network_allowed_cidrs', 'network_public_url', 'release_date', 'server_host', 'server_port', 'session_cookie_secure', 'session_hours', 'ssh_allow_poweroff', 'ssh_connect_timeout', 'ssh_host', 'ssh_key_path', 'ssh_known_hosts', 'ssh_port', 'ssh_user', 'status', 'student_allowed_apps', 'student_exam_url', 'student_forbidden_apps', 'student_require_dob', 'student_require_email', 'student_require_name', 'student_sync_interval', 'version_number']
2026-09-16 11:00:57,087 INFO oes config_read keys=['application_name', 'check_day_of_birth', 'check_email', 'check_firstname', 'check_info', 'check_secondname', 'cluster_discovery_cidr', 'cluster_discovery_port', 'cluster_enabled', 'cluster_replication_mode', 'database_backup_dir', 'database_backup_enabled', 'database_backup_interval', 'database_max_size_mb', 'database_url', 'database_wal', 'firewall_backend', 'firewall_enabled', 'https_only', 'log_level', 'log_retention_days', 'network_allowed_cidrs', 'network_public_url', 'release_date', 'server_host', 'server_port', 'session_cookie_secure', 'session_hours', 'ssh_allow_poweroff', 'ssh_connect_timeout', 'ssh_host', 'ssh_key_path', 'ssh_known_hosts', 'ssh_port', 'ssh_user', 'status', 'student_allowed_apps', 'student_exam_url', 'student_forbidden_apps', 'student_require_dob', 'student_require_email', 'student_require_name', 'student_sync_interval', 'version_number']
2026-09-16 11:00:57,140 INFO oes config_read keys=['application_name', 'check_day_of_birth', 'check_email', 'check_firstname', 'check_info', 'check_secondname', 'cluster_discovery_cidr', 'cluster_discovery_port', 'cluster_enabled', 'cluster_replication_mode', 'database_backup_dir', 'database_backup_enabled', 'database_backup_interval', 'database_max_size_mb', 'database_url', 'database_wal', 'firewall_backend', 'firewall_enabled', 'https_only', 'log_level', 'log_retention_days', 'network_allowed_cidrs', 'network_public_url', 'release_date', 'server_host', 'server_port', 'session_cookie_secure', 'session_hours', 'ssh_allow_poweroff', 'ssh_connect_timeout', 'ssh_host', 'ssh_key_path', 'ssh_known_hosts', 'ssh_port', 'ssh_user', 'status', 'student_allowed_apps', 'student_exam_url', 'student_forbidden_apps', 'student_require_dob', 'student_require_email', 'student_require_name', 'student_sync_interval', 'version_number']
2026-09-16 11:00:57,144 INFO oes config_read keys=['application_name', 'check_day_of_birth', 'check_email', 'check_firstname', 'check_info', 'check_secondname', 'cluster_discovery_cidr', 'cluster_discovery_port', 'cluster_enabled', 'cluster_replication_mode', 'database_backup_dir', 'database_backup_enabled', 'database_backup_interval', 'database_max_size_mb', 'database_url', 'database_wal', 'firewall_backend', 'firewall_enabled', 'https_only', 'log_level', 'log_retention_days', 'network_allowed_cidrs', 'network_public_url', 'release_date', 'server_host', 'server_port', 'session_cookie_secure', 'session_hours', 'ssh_allow_poweroff', 'ssh_connect_timeout', 'ssh_host', 'ssh_key_path', 'ssh_known_hosts', 'ssh_port', 'ssh_user', 'status', 'student_allowed_apps', 'student_exam_url', 'student_forbidden_apps', 'student_require_dob', 'student_require_email', 'student_require_name', 'student_sync_interval', 'version_number']
2026-09-16 11:00:57,148 INFO oes teacher_accounts_initialized
2026-09-16 11:00:57,149 INFO oes config_read keys=['application_name', 'check_day_of_birth', 'check_email', 'check_firstname', 'check_info', 'check_secondname', 'cluster_discovery_cidr', 'cluster_discovery_port', 'cluster_enabled', 'cluster_replication_mode', 'database_backup_dir', 'database_backup_enabled', 'database_backup_interval', 'database_max_size_mb', 'database_url', 'database_wal', 'firewall_backend', 'firewall_enabled', 'https_only', 'log_level', 'log_retention_days', 'network_allowed_cidrs', 'network_public_url', 'release_date', 'server_host', 'server_port', 'session_cookie_secure', 'session_hours', 'ssh_allow_poweroff', 'ssh_connect_timeout', 'ssh_host', 'ssh_key_path', 'ssh_known_hosts', 'ssh_port', 'ssh_user', 'status', 'student_allowed_apps', 'student_exam_url', 'student_forbidden_apps', 'student_require_dob', 'student_require_email', 'student_require_name', 'student_sync_interval', 'version_number']
2026-09-16 11:00:57,150 INFO oes config_read keys=['application_name', 'check_day_of_birth', 'check_email', 'check_firstname', 'check_info', 'check_secondname', 'cluster_discovery_cidr', 'cluster_discovery_port', 'cluster_enabled', 'cluster_replication_mode', 'database_backup_dir', 'database_backup_enabled', 'database_backup_interval', 'database_max_size_mb', 'database_url', 'database_wal', 'firewall_backend', 'firewall_enabled', 'https_only', 'log_level', 'log_retention_days', 'network_allowed_cidrs', 'network_public_url', 'release_date', 'server_host', 'server_port', 'session_cookie_secure', 'session_hours', 'ssh_allow_poweroff', 'ssh_connect_timeout', 'ssh_host', 'ssh_key_path', 'ssh_known_hosts', 'ssh_port', 'ssh_user', 'status', 'student_allowed_apps', 'student_exam_url', 'student_forbidden_apps', 'student_require_dob', 'student_require_email', 'student_require_name', 'student_sync_interval', 'version_number']
2026-09-16 11:01:14,252 WARNING oes session_missing path=/admin/dashboard
2026-09-16 11:01:14,253 INFO oes request method=GET path=/admin/dashboard status=401 duration_ms=2.70
2026-09-16 11:01:14,256 WARNING oes session_missing path=/teacher/dashboard
2026-09-16 11:01:14,257 INFO oes request method=GET path=/teacher/dashboard status=401 duration_ms=1.09
2026-09-16 11:01:14,260 WARNING oes direct_page_access_blocked path=/sites/admistrator-sites/admistrator-dashboard.html
2026-09-16 11:01:14,265 WARNING oes direct_page_access_blocked path=/admistrator-dashboard.html
2026-09-16 11:03:36,371 INFO oes config_read keys=['application_name', 'check_day_of_birth', 'check_email', 'check_firstname', 'check_info', 'check_secondname', 'cluster_discovery_cidr', 'cluster_discovery_port', 'cluster_enabled', 'cluster_replication_mode', 'database_backup_dir', 'database_backup_enabled', 'database_backup_interval', 'database_max_size_mb', 'database_url', 'database_wal', 'firewall_backend', 'firewall_enabled', 'https_only', 'log_level', 'log_retention_days', 'network_allowed_cidrs', 'network_public_url', 'release_channel', 'release_date', 'server_host', 'server_port', 'session_cookie_secure', 'session_hours', 'ssh_allow_poweroff', 'ssh_connect_timeout', 'ssh_host', 'ssh_key_path', 'ssh_known_hosts', 'ssh_port', 'ssh_user', 'status', 'student_allowed_apps', 'student_exam_url', 'student_forbidden_apps', 'student_require_dob', 'student_require_email', 'student_require_name', 'student_sync_interval', 'version_number']
2026-09-16 11:03:36,375 INFO oes config_read keys=['application_name', 'check_day_of_birth', 'check_email', 'check_firstname', 'check_info', 'check_secondname', 'cluster_discovery_cidr', 'cluster_discovery_port', 'cluster_enabled', 'cluster_replication_mode', 'database_backup_dir', 'database_backup_enabled', 'database_backup_interval', 'database_max_size_mb', 'database_url', 'database_wal', 'firewall_backend', 'firewall_enabled', 'https_only', 'log_level', 'log_retention_days', 'network_allowed_cidrs', 'network_public_url', 'release_channel', 'release_date', 'server_host', 'server_port', 'session_cookie_secure', 'session_hours', 'ssh_allow_poweroff', 'ssh_connect_timeout', 'ssh_host', 'ssh_key_path', 'ssh_known_hosts', 'ssh_port', 'ssh_user', 'status', 'student_allowed_apps', 'student_exam_url', 'student_forbidden_apps', 'student_require_dob', 'student_require_email', 'student_require_name', 'student_sync_interval', 'version_number']
2026-09-16 11:03:36,382 INFO oes database_initialized path=C:\Users\ih6382\Desktop\OESServer\Open-Exam-System-main\data\oes.sqlite3
2026-09-16 11:03:36,450 INFO oes config_read keys=['application_name', 'check_day_of_birth', 'check_email', 'check_firstname', 'check_info', 'check_secondname', 'cluster_discovery_cidr', 'cluster_discovery_port', 'cluster_enabled', 'cluster_replication_mode', 'database_backup_dir', 'database_backup_enabled', 'database_backup_interval', 'database_max_size_mb', 'database_url', 'database_wal', 'firewall_backend', 'firewall_enabled', 'https_only', 'log_level', 'log_retention_days', 'network_allowed_cidrs', 'network_public_url', 'release_channel', 'release_date', 'server_host', 'server_port', 'session_cookie_secure', 'session_hours', 'ssh_allow_poweroff', 'ssh_connect_timeout', 'ssh_host', 'ssh_key_path', 'ssh_known_hosts', 'ssh_port', 'ssh_user', 'status', 'student_allowed_apps', 'student_exam_url', 'student_forbidden_apps', 'student_require_dob', 'student_require_email', 'student_require_name', 'student_sync_interval', 'version_number']
2026-09-16 11:03:36,451 INFO oes config_read keys=['application_name', 'check_day_of_birth', 'check_email', 'check_firstname', 'check_info', 'check_secondname', 'cluster_discovery_cidr', 'cluster_discovery_port', 'cluster_enabled', 'cluster_replication_mode', 'database_backup_dir', 'database_backup_enabled', 'database_backup_interval', 'database_max_size_mb', 'database_url', 'database_wal', 'firewall_backend', 'firewall_enabled', 'https_only', 'log_level', 'log_retention_days', 'network_allowed_cidrs', 'network_public_url', 'release_channel', 'release_date', 'server_host', 'server_port', 'session_cookie_secure', 'session_hours', 'ssh_allow_poweroff', 'ssh_connect_timeout', 'ssh_host', 'ssh_key_path', 'ssh_known_hosts', 'ssh_port', 'ssh_user', 'status', 'student_allowed_apps', 'student_exam_url', 'student_forbidden_apps', 'student_require_dob', 'student_require_email', 'student_require_name', 'student_sync_interval', 'version_number']
2026-09-16 11:03:36,454 INFO oes teacher_accounts_initialized
2026-09-16 11:03:36,457 INFO oes config_read keys=['application_name', 'check_day_of_birth', 'check_email', 'check_firstname', 'check_info', 'check_secondname', 'cluster_discovery_cidr', 'cluster_discovery_port', 'cluster_enabled', 'cluster_replication_mode', 'database_backup_dir', 'database_backup_enabled', 'database_backup_interval', 'database_max_size_mb', 'database_url', 'database_wal', 'firewall_backend', 'firewall_enabled', 'https_only', 'log_level', 'log_retention_days', 'network_allowed_cidrs', 'network_public_url', 'release_channel', 'release_date', 'server_host', 'server_port', 'session_cookie_secure', 'session_hours', 'ssh_allow_poweroff', 'ssh_connect_timeout', 'ssh_host', 'ssh_key_path', 'ssh_known_hosts', 'ssh_port', 'ssh_user', 'status', 'student_allowed_apps', 'student_exam_url', 'student_forbidden_apps', 'student_require_dob', 'student_require_email', 'student_require_name', 'student_sync_interval', 'version_number']
2026-09-16 11:03:36,460 INFO oes config_read keys=['application_name', 'check_day_of_birth', 'check_email', 'check_firstname', 'check_info', 'check_secondname', 'cluster_discovery_cidr', 'cluster_discovery_port', 'cluster_enabled', 'cluster_replication_mode', 'database_backup_dir', 'database_backup_enabled', 'database_backup_interval', 'database_max_size_mb', 'database_url', 'database_wal', 'firewall_backend', 'firewall_enabled', 'https_only', 'log_level', 'log_retention_days', 'network_allowed_cidrs', 'network_public_url', 'release_channel', 'release_date', 'server_host', 'server_port', 'session_cookie_secure', 'session_hours', 'ssh_allow_poweroff', 'ssh_connect_timeout', 'ssh_host', 'ssh_key_path', 'ssh_known_hosts', 'ssh_port', 'ssh_user', 'status', 'student_allowed_apps', 'student_exam_url', 'student_forbidden_apps', 'student_require_dob', 'student_require_email', 'student_require_name', 'student_sync_interval', 'version_number']
2026-09-16 11:03:36,526 INFO oes config_read keys=['application_name', 'check_day_of_birth', 'check_email', 'check_firstname', 'check_info', 'check_secondname', 'cluster_discovery_cidr', 'cluster_discovery_port', 'cluster_enabled', 'cluster_replication_mode', 'database_backup_dir', 'database_backup_enabled', 'database_backup_interval', 'database_max_size_mb', 'database_url', 'database_wal', 'firewall_backend', 'firewall_enabled', 'https_only', 'log_level', 'log_retention_days', 'network_allowed_cidrs', 'network_public_url', 'release_channel', 'release_date', 'server_host', 'server_port', 'session_cookie_secure', 'session_hours', 'ssh_allow_poweroff', 'ssh_connect_timeout', 'ssh_host', 'ssh_key_path', 'ssh_known_hosts', 'ssh_port', 'ssh_user', 'status', 'student_allowed_apps', 'student_exam_url', 'student_forbidden_apps', 'student_require_dob', 'student_require_email', 'student_require_name', 'student_sync_interval', 'version_number']
2026-09-16 11:03:36,529 INFO oes config_read keys=['application_name', 'check_day_of_birth', 'check_email', 'check_firstname', 'check_info', 'check_secondname', 'cluster_discovery_cidr', 'cluster_discovery_port', 'cluster_enabled', 'cluster_replication_mode', 'database_backup_dir', 'database_backup_enabled', 'database_backup_interval', 'database_max_size_mb', 'database_url', 'database_wal', 'firewall_backend', 'firewall_enabled', 'https_only', 'log_level', 'log_retention_days', 'network_allowed_cidrs', 'network_public_url', 'release_channel', 'release_date', 'server_host', 'server_port', 'session_cookie_secure', 'session_hours', 'ssh_allow_poweroff', 'ssh_connect_timeout', 'ssh_host', 'ssh_key_path', 'ssh_known_hosts', 'ssh_port', 'ssh_user', 'status', 'student_allowed_apps', 'student_exam_url', 'student_forbidden_apps', 'student_require_dob', 'student_require_email', 'student_require_name', 'student_sync_interval', 'version_number']
2026-09-16 11:03:36,533 INFO oes teacher_accounts_initialized
2026-09-16 11:03:36,534 INFO oes config_read keys=['application_name', 'check_day_of_birth', 'check_email', 'check_firstname', 'check_info', 'check_secondname', 'cluster_discovery_cidr', 'cluster_discovery_port', 'cluster_enabled', 'cluster_replication_mode', 'database_backup_dir', 'database_backup_enabled', 'database_backup_interval', 'database_max_size_mb', 'database_url', 'database_wal', 'firewall_backend', 'firewall_enabled', 'https_only', 'log_level', 'log_retention_days', 'network_allowed_cidrs', 'network_public_url', 'release_channel', 'release_date', 'server_host', 'server_port', 'session_cookie_secure', 'session_hours', 'ssh_allow_poweroff', 'ssh_connect_timeout', 'ssh_host', 'ssh_key_path', 'ssh_known_hosts', 'ssh_port', 'ssh_user', 'status', 'student_allowed_apps', 'student_exam_url', 'student_forbidden_apps', 'student_require_dob', 'student_require_email', 'student_require_name', 'student_sync_interval', 'version_number']
2026-09-16 11:03:36,537 INFO oes config_read keys=['application_name', 'check_day_of_birth', 'check_email', 'check_firstname', 'check_info', 'check_secondname', 'cluster_discovery_cidr', 'cluster_discovery_port', 'cluster_enabled', 'cluster_replication_mode', 'database_backup_dir', 'database_backup_enabled', 'database_backup_interval', 'database_max_size_mb', 'database_url', 'database_wal', 'firewall_backend', 'firewall_enabled', 'https_only', 'log_level', 'log_retention_days', 'network_allowed_cidrs', 'network_public_url', 'release_channel', 'release_date', 'server_host', 'server_port', 'session_cookie_secure', 'session_hours', 'ssh_allow_poweroff', 'ssh_connect_timeout', 'ssh_host', 'ssh_key_path', 'ssh_known_hosts', 'ssh_port', 'ssh_user', 'status', 'student_allowed_apps', 'student_exam_url', 'student_forbidden_apps', 'student_require_dob', 'student_require_email', 'student_require_name', 'student_sync_interval', 'version_number']
2026-09-16 11:04:12,181 INFO oes config_read keys=['application_name', 'check_day_of_birth', 'check_email', 'check_firstname', 'check_info', 'check_secondname', 'cluster_discovery_cidr', 'cluster_discovery_port', 'cluster_enabled', 'cluster_replication_mode', 'database_backup_dir', 'database_backup_enabled', 'database_backup_interval', 'database_max_size_mb', 'database_url', 'database_wal', 'firewall_backend', 'firewall_enabled', 'https_only', 'log_level', 'log_retention_days', 'network_allowed_cidrs', 'network_public_url', 'release_channel', 'release_date', 'server_host', 'server_port', 'session_cookie_secure', 'session_hours', 'ssh_allow_poweroff', 'ssh_connect_timeout', 'ssh_host', 'ssh_key_path', 'ssh_known_hosts', 'ssh_port', 'ssh_user', 'status', 'student_allowed_apps', 'student_exam_url', 'student_forbidden_apps', 'student_require_dob', 'student_require_email', 'student_require_name', 'student_sync_interval', 'version_number']
2026-09-16 11:04:12,183 INFO oes config_read keys=['application_name', 'check_day_of_birth', 'check_email', 'check_firstname', 'check_info', 'check_secondname', 'cluster_discovery_cidr', 'cluster_discovery_port', 'cluster_enabled', 'cluster_replication_mode', 'database_backup_dir', 'database_backup_enabled', 'database_backup_interval', 'database_max_size_mb', 'database_url', 'database_wal', 'firewall_backend', 'firewall_enabled', 'https_only', 'log_level', 'log_retention_days', 'network_allowed_cidrs', 'network_public_url', 'release_channel', 'release_date', 'server_host', 'server_port', 'session_cookie_secure', 'session_hours', 'ssh_allow_poweroff', 'ssh_connect_timeout', 'ssh_host', 'ssh_key_path', 'ssh_known_hosts', 'ssh_port', 'ssh_user', 'status', 'student_allowed_apps', 'student_exam_url', 'student_forbidden_apps', 'student_require_dob', 'student_require_email', 'student_require_name', 'student_sync_interval', 'version_number']
2026-09-16 11:04:12,185 INFO oes database_initialized path=C:\Users\ih6382\Desktop\OESServer\Open-Exam-System-main\data\oes.sqlite3
2026-09-16 11:04:12,238 INFO oes config_read keys=['application_name', 'check_day_of_birth', 'check_email', 'check_firstname', 'check_info', 'check_secondname', 'cluster_discovery_cidr', 'cluster_discovery_port', 'cluster_enabled', 'cluster_replication_mode', 'database_backup_dir', 'database_backup_enabled', 'database_backup_interval', 'database_max_size_mb', 'database_url', 'database_wal', 'firewall_backend', 'firewall_enabled', 'https_only', 'log_level', 'log_retention_days', 'network_allowed_cidrs', 'network_public_url', 'release_channel', 'release_date', 'server_host', 'server_port', 'session_cookie_secure', 'session_hours', 'ssh_allow_poweroff', 'ssh_connect_timeout', 'ssh_host', 'ssh_key_path', 'ssh_known_hosts', 'ssh_port', 'ssh_user', 'status', 'student_allowed_apps', 'student_exam_url', 'student_forbidden_apps', 'student_require_dob', 'student_require_email', 'student_require_name', 'student_sync_interval', 'version_number']
2026-09-16 11:04:12,239 INFO oes config_read keys=['application_name', 'check_day_of_birth', 'check_email', 'check_firstname', 'check_info', 'check_secondname', 'cluster_discovery_cidr', 'cluster_discovery_port', 'cluster_enabled', 'cluster_replication_mode', 'database_backup_dir', 'database_backup_enabled', 'database_backup_interval', 'database_max_size_mb', 'database_url', 'database_wal', 'firewall_backend', 'firewall_enabled', 'https_only', 'log_level', 'log_retention_days', 'network_allowed_cidrs', 'network_public_url', 'release_channel', 'release_date', 'server_host', 'server_port', 'session_cookie_secure', 'session_hours', 'ssh_allow_poweroff', 'ssh_connect_timeout', 'ssh_host', 'ssh_key_path', 'ssh_known_hosts', 'ssh_port', 'ssh_user', 'status', 'student_allowed_apps', 'student_exam_url', 'student_forbidden_apps', 'student_require_dob', 'student_require_email', 'student_require_name', 'student_sync_interval', 'version_number']
2026-09-16 11:04:12,244 INFO oes teacher_accounts_initialized
2026-09-16 11:04:12,247 INFO oes config_read keys=['application_name', 'check_day_of_birth', 'check_email', 'check_firstname', 'check_info', 'check_secondname', 'cluster_discovery_cidr', 'cluster_discovery_port', 'cluster_enabled', 'cluster_replication_mode', 'database_backup_dir', 'database_backup_enabled', 'database_backup_interval', 'database_max_size_mb', 'database_url', 'database_wal', 'firewall_backend', 'firewall_enabled', 'https_only', 'log_level', 'log_retention_days', 'network_allowed_cidrs', 'network_public_url', 'release_channel', 'release_date', 'server_host', 'server_port', 'session_cookie_secure', 'session_hours', 'ssh_allow_poweroff', 'ssh_connect_timeout', 'ssh_host', 'ssh_key_path', 'ssh_known_hosts', 'ssh_port', 'ssh_user', 'status', 'student_allowed_apps', 'student_exam_url', 'student_forbidden_apps', 'student_require_dob', 'student_require_email', 'student_require_name', 'student_sync_interval', 'version_number']
2026-09-16 11:04:12,248 INFO oes config_read keys=['application_name', 'check_day_of_birth', 'check_email', 'check_firstname', 'check_info', 'check_secondname', 'cluster_discovery_cidr', 'cluster_discovery_port', 'cluster_enabled', 'cluster_replication_mode', 'database_backup_dir', 'database_backup_enabled', 'database_backup_interval', 'database_max_size_mb', 'database_url', 'database_wal', 'firewall_backend', 'firewall_enabled', 'https_only', 'log_level', 'log_retention_days', 'network_allowed_cidrs', 'network_public_url', 'release_channel', 'release_date', 'server_host', 'server_port', 'session_cookie_secure', 'session_hours', 'ssh_allow_poweroff', 'ssh_connect_timeout', 'ssh_host', 'ssh_key_path', 'ssh_known_hosts', 'ssh_port', 'ssh_user', 'status', 'student_allowed_apps', 'student_exam_url', 'student_forbidden_apps', 'student_require_dob', 'student_require_email', 'student_require_name', 'student_sync_interval', 'version_number']
2026-09-16 11:04:12,305 INFO oes config_read keys=['application_name', 'check_day_of_birth', 'check_email', 'check_firstname', 'check_info', 'check_secondname', 'cluster_discovery_cidr', 'cluster_discovery_port', 'cluster_enabled', 'cluster_replication_mode', 'database_backup_dir', 'database_backup_enabled', 'database_backup_interval', 'database_max_size_mb', 'database_url', 'database_wal', 'firewall_backend', 'firewall_enabled', 'https_only', 'log_level', 'log_retention_days', 'network_allowed_cidrs', 'network_public_url', 'release_channel', 'release_date', 'server_host', 'server_port', 'session_cookie_secure', 'session_hours', 'ssh_allow_poweroff', 'ssh_connect_timeout', 'ssh_host', 'ssh_key_path', 'ssh_known_hosts', 'ssh_port', 'ssh_user', 'status', 'student_allowed_apps', 'student_exam_url', 'student_forbidden_apps', 'student_require_dob', 'student_require_email', 'student_require_name', 'student_sync_interval', 'version_number']
2026-09-16 11:04:12,307 INFO oes config_read keys=['application_name', 'check_day_of_birth', 'check_email', 'check_firstname', 'check_info', 'check_secondname', 'cluster_discovery_cidr', 'cluster_discovery_port', 'cluster_enabled', 'cluster_replication_mode', 'database_backup_dir', 'database_backup_enabled', 'database_backup_interval', 'database_max_size_mb', 'database_url', 'database_wal', 'firewall_backend', 'firewall_enabled', 'https_only', 'log_level', 'log_retention_days', 'network_allowed_cidrs', 'network_public_url', 'release_channel', 'release_date', 'server_host', 'server_port', 'session_cookie_secure', 'session_hours', 'ssh_allow_poweroff', 'ssh_connect_timeout', 'ssh_host', 'ssh_key_path', 'ssh_known_hosts', 'ssh_port', 'ssh_user', 'status', 'student_allowed_apps', 'student_exam_url', 'student_forbidden_apps', 'student_require_dob', 'student_require_email', 'student_require_name', 'student_sync_interval', 'version_number']
2026-09-16 11:04:12,313 INFO oes teacher_accounts_initialized
2026-09-16 11:04:12,315 INFO oes config_read keys=['application_name', 'check_day_of_birth', 'check_email', 'check_firstname', 'check_info', 'check_secondname', 'cluster_discovery_cidr', 'cluster_discovery_port', 'cluster_enabled', 'cluster_replication_mode', 'database_backup_dir', 'database_backup_enabled', 'database_backup_interval', 'database_max_size_mb', 'database_url', 'database_wal', 'firewall_backend', 'firewall_enabled', 'https_only', 'log_level', 'log_retention_days', 'network_allowed_cidrs', 'network_public_url', 'release_channel', 'release_date', 'server_host', 'server_port', 'session_cookie_secure', 'session_hours', 'ssh_allow_poweroff', 'ssh_connect_timeout', 'ssh_host', 'ssh_key_path', 'ssh_known_hosts', 'ssh_port', 'ssh_user', 'status', 'student_allowed_apps', 'student_exam_url', 'student_forbidden_apps', 'student_require_dob', 'student_require_email', 'student_require_name', 'student_sync_interval', 'version_number']
2026-09-16 11:04:12,317 INFO oes config_read keys=['application_name', 'check_day_of_birth', 'check_email', 'check_firstname', 'check_info', 'check_secondname', 'cluster_discovery_cidr', 'cluster_discovery_port', 'cluster_enabled', 'cluster_replication_mode', 'database_backup_dir', 'database_backup_enabled', 'database_backup_interval', 'database_max_size_mb', 'database_url', 'database_wal', 'firewall_backend', 'firewall_enabled', 'https_only', 'log_level', 'log_retention_days', 'network_allowed_cidrs', 'network_public_url', 'release_channel', 'release_date', 'server_host', 'server_port', 'session_cookie_secure', 'session_hours', 'ssh_allow_poweroff', 'ssh_connect_timeout', 'ssh_host', 'ssh_key_path', 'ssh_known_hosts', 'ssh_port', 'ssh_user', 'status', 'student_allowed_apps', 'student_exam_url', 'student_forbidden_apps', 'student_require_dob', 'student_require_email', 'student_require_name', 'student_sync_interval', 'version_number']
2026-09-16 11:04:15,834 INFO oes config_read keys=['application_name', 'check_day_of_birth', 'check_email', 'check_firstname', 'check_info', 'check_secondname', 'cluster_discovery_cidr', 'cluster_discovery_port', 'cluster_enabled', 'cluster_replication_mode', 'database_backup_dir', 'database_backup_enabled', 'database_backup_interval', 'database_max_size_mb', 'database_url', 'database_wal', 'firewall_backend', 'firewall_enabled', 'https_only', 'log_level', 'log_retention_days', 'network_allowed_cidrs', 'network_public_url', 'release_channel', 'release_date', 'server_host', 'server_port', 'session_cookie_secure', 'session_hours', 'ssh_allow_poweroff', 'ssh_connect_timeout', 'ssh_host', 'ssh_key_path', 'ssh_known_hosts', 'ssh_port', 'ssh_user', 'status', 'student_allowed_apps', 'student_exam_url', 'student_forbidden_apps', 'student_require_dob', 'student_require_email', 'student_require_name', 'student_sync_interval', 'version_number']
2026-09-16 11:04:15,835 INFO oes request method=GET path=/api/version status=200 duration_ms=2.75
2026-09-16 11:04:15,860 WARNING oes session_missing path=/admin/dashboard
2026-09-16 11:04:15,861 INFO oes request method=GET path=/admin/dashboard status=401 duration_ms=3.01
2026-09-16 11:05:02,931 INFO oes config_read keys=['application_name', 'check_day_of_birth', 'check_email', 'check_firstname', 'check_info', 'check_secondname', 'cluster_discovery_cidr', 'cluster_discovery_port', 'cluster_enabled', 'cluster_replication_mode', 'database_backup_dir', 'database_backup_enabled', 'database_backup_interval', 'database_max_size_mb', 'database_url', 'database_wal', 'firewall_backend', 'firewall_enabled', 'https_only', 'log_level', 'log_retention_days', 'network_allowed_cidrs', 'network_public_url', 'release_channel', 'release_date', 'server_host', 'server_port', 'session_cookie_secure', 'session_hours', 'ssh_allow_poweroff', 'ssh_connect_timeout', 'ssh_host', 'ssh_key_path', 'ssh_known_hosts', 'ssh_port', 'ssh_user', 'status', 'student_allowed_apps', 'student_exam_url', 'student_forbidden_apps', 'student_require_dob', 'student_require_email', 'student_require_name', 'student_sync_interval', 'version_number']
2026-09-16 11:05:02,940 INFO oes config_read keys=['application_name', 'check_day_of_birth', 'check_email', 'check_firstname', 'check_info', 'check_secondname', 'cluster_discovery_cidr', 'cluster_discovery_port', 'cluster_enabled', 'cluster_replication_mode', 'database_backup_dir', 'database_backup_enabled', 'database_backup_interval', 'database_max_size_mb', 'database_url', 'database_wal', 'firewall_backend', 'firewall_enabled', 'https_only', 'log_level', 'log_retention_days', 'network_allowed_cidrs', 'network_public_url', 'release_channel', 'release_date', 'server_host', 'server_port', 'session_cookie_secure', 'session_hours', 'ssh_allow_poweroff', 'ssh_connect_timeout', 'ssh_host', 'ssh_key_path', 'ssh_known_hosts', 'ssh_port', 'ssh_user', 'status', 'student_allowed_apps', 'student_exam_url', 'student_forbidden_apps', 'student_require_dob', 'student_require_email', 'student_require_name', 'student_sync_interval', 'version_number']
2026-09-16 11:05:02,953 INFO oes database_initialized path=C:\Users\ih6382\Desktop\OESServer\Open-Exam-System-main\data\oes.sqlite3
2026-09-16 11:05:03,098 INFO oes config_read keys=['application_name', 'check_day_of_birth', 'check_email', 'check_firstname', 'check_info', 'check_secondname', 'cluster_discovery_cidr', 'cluster_discovery_port', 'cluster_enabled', 'cluster_replication_mode', 'database_backup_dir', 'database_backup_enabled', 'database_backup_interval', 'database_max_size_mb', 'database_url', 'database_wal', 'firewall_backend', 'firewall_enabled', 'https_only', 'log_level', 'log_retention_days', 'network_allowed_cidrs', 'network_public_url', 'release_channel', 'release_date', 'server_host', 'server_port', 'session_cookie_secure', 'session_hours', 'ssh_allow_poweroff', 'ssh_connect_timeout', 'ssh_host', 'ssh_key_path', 'ssh_known_hosts', 'ssh_port', 'ssh_user', 'status', 'student_allowed_apps', 'student_exam_url', 'student_forbidden_apps', 'student_require_dob', 'student_require_email', 'student_require_name', 'student_sync_interval', 'version_number']
2026-09-16 11:05:03,103 INFO oes config_read keys=['application_name', 'check_day_of_birth', 'check_email', 'check_firstname', 'check_info', 'check_secondname', 'cluster_discovery_cidr', 'cluster_discovery_port', 'cluster_enabled', 'cluster_replication_mode', 'database_backup_dir', 'database_backup_enabled', 'database_backup_interval', 'database_max_size_mb', 'database_url', 'database_wal', 'firewall_backend', 'firewall_enabled', 'https_only', 'log_level', 'log_retention_days', 'network_allowed_cidrs', 'network_public_url', 'release_channel', 'release_date', 'server_host', 'server_port', 'session_cookie_secure', 'session_hours', 'ssh_allow_poweroff', 'ssh_connect_timeout', 'ssh_host', 'ssh_key_path', 'ssh_known_hosts', 'ssh_port', 'ssh_user', 'status', 'student_allowed_apps', 'student_exam_url', 'student_forbidden_apps', 'student_require_dob', 'student_require_email', 'student_require_name', 'student_sync_interval', 'version_number']
2026-09-16 11:05:03,108 INFO oes teacher_accounts_initialized
2026-09-16 11:05:03,110 INFO oes config_read keys=['application_name', 'check_day_of_birth', 'check_email', 'check_firstname', 'check_info', 'check_secondname', 'cluster_discovery_cidr', 'cluster_discovery_port', 'cluster_enabled', 'cluster_replication_mode', 'database_backup_dir', 'database_backup_enabled', 'database_backup_interval', 'database_max_size_mb', 'database_url', 'database_wal', 'firewall_backend', 'firewall_enabled', 'https_only', 'log_level', 'log_retention_days', 'network_allowed_cidrs', 'network_public_url', 'release_channel', 'release_date', 'server_host', 'server_port', 'session_cookie_secure', 'session_hours', 'ssh_allow_poweroff', 'ssh_connect_timeout', 'ssh_host', 'ssh_key_path', 'ssh_known_hosts', 'ssh_port', 'ssh_user', 'status', 'student_allowed_apps', 'student_exam_url', 'student_forbidden_apps', 'student_require_dob', 'student_require_email', 'student_require_name', 'student_sync_interval', 'version_number']
2026-09-16 11:05:03,113 INFO oes config_read keys=['application_name', 'check_day_of_birth', 'check_email', 'check_firstname', 'check_info', 'check_secondname', 'cluster_discovery_cidr', 'cluster_discovery_port', 'cluster_enabled', 'cluster_replication_mode', 'database_backup_dir', 'database_backup_enabled', 'database_backup_interval', 'database_max_size_mb', 'database_url', 'database_wal', 'firewall_backend', 'firewall_enabled', 'https_only', 'log_level', 'log_retention_days', 'network_allowed_cidrs', 'network_public_url', 'release_channel', 'release_date', 'server_host', 'server_port', 'session_cookie_secure', 'session_hours', 'ssh_allow_poweroff', 'ssh_connect_timeout', 'ssh_host', 'ssh_key_path', 'ssh_known_hosts', 'ssh_port', 'ssh_user', 'status', 'student_allowed_apps', 'student_exam_url', 'student_forbidden_apps', 'student_require_dob', 'student_require_email', 'student_require_name', 'student_sync_interval', 'version_number']
2026-09-16 11:05:03,213 INFO oes config_read keys=['application_name', 'check_day_of_birth', 'check_email', 'check_firstname', 'check_info', 'check_secondname', 'cluster_discovery_cidr', 'cluster_discovery_port', 'cluster_enabled', 'cluster_replication_mode', 'database_backup_dir', 'database_backup_enabled', 'database_backup_interval', 'database_max_size_mb', 'database_url', 'database_wal', 'firewall_backend', 'firewall_enabled', 'https_only', 'log_level', 'log_retention_days', 'network_allowed_cidrs', 'network_public_url', 'release_channel', 'release_date', 'server_host', 'server_port', 'session_cookie_secure', 'session_hours', 'ssh_allow_poweroff', 'ssh_connect_timeout', 'ssh_host', 'ssh_key_path', 'ssh_known_hosts', 'ssh_port', 'ssh_user', 'status', 'student_allowed_apps', 'student_exam_url', 'student_forbidden_apps', 'student_require_dob', 'student_require_email', 'student_require_name', 'student_sync_interval', 'version_number']
2026-09-16 11:05:03,215 INFO oes config_read keys=['application_name', 'check_day_of_birth', 'check_email', 'check_firstname', 'check_info', 'check_secondname', 'cluster_discovery_cidr', 'cluster_discovery_port', 'cluster_enabled', 'cluster_replication_mode', 'database_backup_dir', 'database_backup_enabled', 'database_backup_interval', 'database_max_size_mb', 'database_url', 'database_wal', 'firewall_backend', 'firewall_enabled', 'https_only', 'log_level', 'log_retention_days', 'network_allowed_cidrs', 'network_public_url', 'release_channel', 'release_date', 'server_host', 'server_port', 'session_cookie_secure', 'session_hours', 'ssh_allow_poweroff', 'ssh_connect_timeout', 'ssh_host', 'ssh_key_path', 'ssh_known_hosts', 'ssh_port', 'ssh_user', 'status', 'student_allowed_apps', 'student_exam_url', 'student_forbidden_apps', 'student_require_dob', 'student_require_email', 'student_require_name', 'student_sync_interval', 'version_number']
2026-09-16 11:05:03,219 INFO oes teacher_accounts_initialized
2026-09-16 11:05:03,222 INFO oes config_read keys=['application_name', 'check_day_of_birth', 'check_email', 'check_firstname', 'check_info', 'check_secondname', 'cluster_discovery_cidr', 'cluster_discovery_port', 'cluster_enabled', 'cluster_replication_mode', 'database_backup_dir', 'database_backup_enabled', 'database_backup_interval', 'database_max_size_mb', 'database_url', 'database_wal', 'firewall_backend', 'firewall_enabled', 'https_only', 'log_level', 'log_retention_days', 'network_allowed_cidrs', 'network_public_url', 'release_channel', 'release_date', 'server_host', 'server_port', 'session_cookie_secure', 'session_hours', 'ssh_allow_poweroff', 'ssh_connect_timeout', 'ssh_host', 'ssh_key_path', 'ssh_known_hosts', 'ssh_port', 'ssh_user', 'status', 'student_allowed_apps', 'student_exam_url', 'student_forbidden_apps', 'student_require_dob', 'student_require_email', 'student_require_name', 'student_sync_interval', 'version_number']
2026-09-16 11:05:03,228 INFO oes config_read keys=['application_name', 'check_day_of_birth', 'check_email', 'check_firstname', 'check_info', 'check_secondname', 'cluster_discovery_cidr', 'cluster_discovery_port', 'cluster_enabled', 'cluster_replication_mode', 'database_backup_dir', 'database_backup_enabled', 'database_backup_interval', 'database_max_size_mb', 'database_url', 'database_wal', 'firewall_backend', 'firewall_enabled', 'https_only', 'log_level', 'log_retention_days', 'network_allowed_cidrs', 'network_public_url', 'release_channel', 'release_date', 'server_host', 'server_port', 'session_cookie_secure', 'session_hours', 'ssh_allow_poweroff', 'ssh_connect_timeout', 'ssh_host', 'ssh_key_path', 'ssh_known_hosts', 'ssh_port', 'ssh_user', 'status', 'student_allowed_apps', 'student_exam_url', 'student_forbidden_apps', 'student_require_dob', 'student_require_email', 'student_require_name', 'student_sync_interval', 'version_number']
2026-09-16 11:05:03,232 WARNING oes development_default_credentials_enabled change OES_ADMIN_PASSWORD and OES_TEACHER_PASSWORD before deployment
2026-09-16 11:05:12,636 INFO oes request method=GET path=/ status=200 duration_ms=11.37
2026-09-16 11:05:16,445 INFO oes config_read keys=['application_name', 'check_day_of_birth', 'check_email', 'check_firstname', 'check_info', 'check_secondname', 'cluster_discovery_cidr', 'cluster_discovery_port', 'cluster_enabled', 'cluster_replication_mode', 'database_backup_dir', 'database_backup_enabled', 'database_backup_interval', 'database_max_size_mb', 'database_url', 'database_wal', 'firewall_backend', 'firewall_enabled', 'https_only', 'log_level', 'log_retention_days', 'network_allowed_cidrs', 'network_public_url', 'release_channel', 'release_date', 'server_host', 'server_port', 'session_cookie_secure', 'session_hours', 'ssh_allow_poweroff', 'ssh_connect_timeout', 'ssh_host', 'ssh_key_path', 'ssh_known_hosts', 'ssh_port', 'ssh_user', 'status', 'student_allowed_apps', 'student_exam_url', 'student_forbidden_apps', 'student_require_dob', 'student_require_email', 'student_require_name', 'student_sync_interval', 'version_number']
2026-09-16 11:05:16,446 INFO oes config_read keys=['application_name', 'check_day_of_birth', 'check_email', 'check_firstname', 'check_info', 'check_secondname', 'cluster_discovery_cidr', 'cluster_discovery_port', 'cluster_enabled', 'cluster_replication_mode', 'database_backup_dir', 'database_backup_enabled', 'database_backup_interval', 'database_max_size_mb', 'database_url', 'database_wal', 'firewall_backend', 'firewall_enabled', 'https_only', 'log_level', 'log_retention_days', 'network_allowed_cidrs', 'network_public_url', 'release_channel', 'release_date', 'server_host', 'server_port', 'session_cookie_secure', 'session_hours', 'ssh_allow_poweroff', 'ssh_connect_timeout', 'ssh_host', 'ssh_key_path', 'ssh_known_hosts', 'ssh_port', 'ssh_user', 'status', 'student_allowed_apps', 'student_exam_url', 'student_forbidden_apps', 'student_require_dob', 'student_require_email', 'student_require_name', 'student_sync_interval', 'version_number']
2026-09-16 11:05:16,499 INFO oes session_created role=admin
2026-09-16 11:05:16,500 INFO oes request method=POST path=/login status=303 duration_ms=68.15
2026-09-16 11:05:16,513 INFO oes config_read keys=['application_name', 'check_day_of_birth', 'check_email', 'check_firstname', 'check_info', 'check_secondname', 'cluster_discovery_cidr', 'cluster_discovery_port', 'cluster_enabled', 'cluster_replication_mode', 'database_backup_dir', 'database_backup_enabled', 'database_backup_interval', 'database_max_size_mb', 'database_url', 'database_wal', 'firewall_backend', 'firewall_enabled', 'https_only', 'log_level', 'log_retention_days', 'network_allowed_cidrs', 'network_public_url', 'release_channel', 'release_date', 'server_host', 'server_port', 'session_cookie_secure', 'session_hours', 'ssh_allow_poweroff', 'ssh_connect_timeout', 'ssh_host', 'ssh_key_path', 'ssh_known_hosts', 'ssh_port', 'ssh_user', 'status', 'student_allowed_apps', 'student_exam_url', 'student_forbidden_apps', 'student_require_dob', 'student_require_email', 'student_require_name', 'student_sync_interval', 'version_number']
2026-09-16 11:05:16,517 INFO oes request method=GET path=/admin/dashboard status=200 duration_ms=11.12
2026-09-16 11:05:21,989 INFO oes config_read keys=['application_name', 'check_day_of_birth', 'check_email', 'check_firstname', 'check_info', 'check_secondname', 'cluster_discovery_cidr', 'cluster_discovery_port', 'cluster_enabled', 'cluster_replication_mode', 'database_backup_dir', 'database_backup_enabled', 'database_backup_interval', 'database_max_size_mb', 'database_url', 'database_wal', 'firewall_backend', 'firewall_enabled', 'https_only', 'log_level', 'log_retention_days', 'network_allowed_cidrs', 'network_public_url', 'release_channel', 'release_date', 'server_host', 'server_port', 'session_cookie_secure', 'session_hours', 'ssh_allow_poweroff', 'ssh_connect_timeout', 'ssh_host', 'ssh_key_path', 'ssh_known_hosts', 'ssh_port', 'ssh_user', 'status', 'student_allowed_apps', 'student_exam_url', 'student_forbidden_apps', 'student_require_dob', 'student_require_email', 'student_require_name', 'student_sync_interval', 'version_number']
2026-09-16 11:05:21,992 INFO oes request method=GET path=/admin/license status=200 duration_ms=5.51
2026-09-16 11:05:34,132 INFO oes config_read keys=['application_name', 'check_day_of_birth', 'check_email', 'check_firstname', 'check_info', 'check_secondname', 'cluster_discovery_cidr', 'cluster_discovery_port', 'cluster_enabled', 'cluster_replication_mode', 'database_backup_dir', 'database_backup_enabled', 'database_backup_interval', 'database_max_size_mb', 'database_url', 'database_wal', 'firewall_backend', 'firewall_enabled', 'https_only', 'log_level', 'log_retention_days', 'network_allowed_cidrs', 'network_public_url', 'release_channel', 'release_date', 'server_host', 'server_port', 'session_cookie_secure', 'session_hours', 'ssh_allow_poweroff', 'ssh_connect_timeout', 'ssh_host', 'ssh_key_path', 'ssh_known_hosts', 'ssh_port', 'ssh_user', 'status', 'student_allowed_apps', 'student_exam_url', 'student_forbidden_apps', 'student_require_dob', 'student_require_email', 'student_require_name', 'student_sync_interval', 'version_number']
2026-09-16 11:05:34,137 INFO oes request method=GET path=/admin/students status=200 duration_ms=7.63
2026-09-16 11:06:26,043 INFO oes request method=GET path=/ status=200 duration_ms=4.24
2026-09-16 11:06:30,455 INFO oes config_read keys=['application_name', 'check_day_of_birth', 'check_email', 'check_firstname', 'check_info', 'check_secondname', 'cluster_discovery_cidr', 'cluster_discovery_port', 'cluster_enabled', 'cluster_replication_mode', 'database_backup_dir', 'database_backup_enabled', 'database_backup_interval', 'database_max_size_mb', 'database_url', 'database_wal', 'firewall_backend', 'firewall_enabled', 'https_only', 'log_level', 'log_retention_days', 'network_allowed_cidrs', 'network_public_url', 'release_channel', 'release_date', 'server_host', 'server_port', 'session_cookie_secure', 'session_hours', 'ssh_allow_poweroff', 'ssh_connect_timeout', 'ssh_host', 'ssh_key_path', 'ssh_known_hosts', 'ssh_port', 'ssh_user', 'status', 'student_allowed_apps', 'student_exam_url', 'student_forbidden_apps', 'student_require_dob', 'student_require_email', 'student_require_name', 'student_sync_interval', 'version_number']
2026-09-16 11:06:30,457 INFO oes config_read keys=['application_name', 'check_day_of_birth', 'check_email', 'check_firstname', 'check_info', 'check_secondname', 'cluster_discovery_cidr', 'cluster_discovery_port', 'cluster_enabled', 'cluster_replication_mode', 'database_backup_dir', 'database_backup_enabled', 'database_backup_interval', 'database_max_size_mb', 'database_url', 'database_wal', 'firewall_backend', 'firewall_enabled', 'https_only', 'log_level', 'log_retention_days', 'network_allowed_cidrs', 'network_public_url', 'release_channel', 'release_date', 'server_host', 'server_port', 'session_cookie_secure', 'session_hours', 'ssh_allow_poweroff', 'ssh_connect_timeout', 'ssh_host', 'ssh_key_path', 'ssh_known_hosts', 'ssh_port', 'ssh_user', 'status', 'student_allowed_apps', 'student_exam_url', 'student_forbidden_apps', 'student_require_dob', 'student_require_email', 'student_require_name', 'student_sync_interval', 'version_number']
2026-09-16 11:06:30,462 INFO oes config_read keys=['application_name', 'check_day_of_birth', 'check_email', 'check_firstname', 'check_info', 'check_secondname', 'cluster_discovery_cidr', 'cluster_discovery_port', 'cluster_enabled', 'cluster_replication_mode', 'database_backup_dir', 'database_backup_enabled', 'database_backup_interval', 'database_max_size_mb', 'database_url', 'database_wal', 'firewall_backend', 'firewall_enabled', 'https_only', 'log_level', 'log_retention_days', 'network_allowed_cidrs', 'network_public_url', 'release_channel', 'release_date', 'server_host', 'server_port', 'session_cookie_secure', 'session_hours', 'ssh_allow_poweroff', 'ssh_connect_timeout', 'ssh_host', 'ssh_key_path', 'ssh_known_hosts', 'ssh_port', 'ssh_user', 'status', 'student_allowed_apps', 'student_exam_url', 'student_forbidden_apps', 'student_require_dob', 'student_require_email', 'student_require_name', 'student_sync_interval', 'version_number']
2026-09-16 11:06:30,466 INFO oes teacher_accounts_initialized
2026-09-16 11:06:30,467 INFO oes config_read keys=['application_name', 'check_day_of_birth', 'check_email', 'check_firstname', 'check_info', 'check_secondname', 'cluster_discovery_cidr', 'cluster_discovery_port', 'cluster_enabled', 'cluster_replication_mode', 'database_backup_dir', 'database_backup_enabled', 'database_backup_interval', 'database_max_size_mb', 'database_url', 'database_wal', 'firewall_backend', 'firewall_enabled', 'https_only', 'log_level', 'log_retention_days', 'network_allowed_cidrs', 'network_public_url', 'release_channel', 'release_date', 'server_host', 'server_port', 'session_cookie_secure', 'session_hours', 'ssh_allow_poweroff', 'ssh_connect_timeout', 'ssh_host', 'ssh_key_path', 'ssh_known_hosts', 'ssh_port', 'ssh_user', 'status', 'student_allowed_apps', 'student_exam_url', 'student_forbidden_apps', 'student_require_dob', 'student_require_email', 'student_require_name', 'student_sync_interval', 'version_number']
2026-09-16 11:06:30,468 INFO oes config_read keys=['application_name', 'check_day_of_birth', 'check_email', 'check_firstname', 'check_info', 'check_secondname', 'cluster_discovery_cidr', 'cluster_discovery_port', 'cluster_enabled', 'cluster_replication_mode', 'database_backup_dir', 'database_backup_enabled', 'database_backup_interval', 'database_max_size_mb', 'database_url', 'database_wal', 'firewall_backend', 'firewall_enabled', 'https_only', 'log_level', 'log_retention_days', 'network_allowed_cidrs', 'network_public_url', 'release_channel', 'release_date', 'server_host', 'server_port', 'session_cookie_secure', 'session_hours', 'ssh_allow_poweroff', 'ssh_connect_timeout', 'ssh_host', 'ssh_key_path', 'ssh_known_hosts', 'ssh_port', 'ssh_user', 'status', 'student_allowed_apps', 'student_exam_url', 'student_forbidden_apps', 'student_require_dob', 'student_require_email', 'student_require_name', 'student_sync_interval', 'version_number']
2026-09-16 11:06:30,577 INFO oes config_read keys=['application_name', 'check_day_of_birth', 'check_email', 'check_firstname', 'check_info', 'check_secondname', 'cluster_discovery_cidr', 'cluster_discovery_port', 'cluster_enabled', 'cluster_replication_mode', 'database_backup_dir', 'database_backup_enabled', 'database_backup_interval', 'database_max_size_mb', 'database_url', 'database_wal', 'firewall_backend', 'firewall_enabled', 'https_only', 'log_level', 'log_retention_days', 'network_allowed_cidrs', 'network_public_url', 'release_channel', 'release_date', 'server_host', 'server_port', 'session_cookie_secure', 'session_hours', 'ssh_allow_poweroff', 'ssh_connect_timeout', 'ssh_host', 'ssh_key_path', 'ssh_known_hosts', 'ssh_port', 'ssh_user', 'status', 'student_allowed_apps', 'student_exam_url', 'student_forbidden_apps', 'student_require_dob', 'student_require_email', 'student_require_name', 'student_sync_interval', 'version_number']
2026-09-16 11:06:30,580 INFO oes session_created role=teacher
2026-09-16 11:06:30,581 INFO oes request method=POST path=/login status=303 duration_ms=127.83
2026-09-16 11:06:30,589 INFO oes config_read keys=['application_name', 'check_day_of_birth', 'check_email', 'check_firstname', 'check_info', 'check_secondname', 'cluster_discovery_cidr', 'cluster_discovery_port', 'cluster_enabled', 'cluster_replication_mode', 'database_backup_dir', 'database_backup_enabled', 'database_backup_interval', 'database_max_size_mb', 'database_url', 'database_wal', 'firewall_backend', 'firewall_enabled', 'https_only', 'log_level', 'log_retention_days', 'network_allowed_cidrs', 'network_public_url', 'release_channel', 'release_date', 'server_host', 'server_port', 'session_cookie_secure', 'session_hours', 'ssh_allow_poweroff', 'ssh_connect_timeout', 'ssh_host', 'ssh_key_path', 'ssh_known_hosts', 'ssh_port', 'ssh_user', 'status', 'student_allowed_apps', 'student_exam_url', 'student_forbidden_apps', 'student_require_dob', 'student_require_email', 'student_require_name', 'student_sync_interval', 'version_number']
2026-09-16 11:06:30,592 INFO oes request method=GET path=/teacher/dashboard status=200 duration_ms=6.14
2026-09-16 11:06:34,855 INFO oes config_read keys=['application_name', 'check_day_of_birth', 'check_email', 'check_firstname', 'check_info', 'check_secondname', 'cluster_discovery_cidr', 'cluster_discovery_port', 'cluster_enabled', 'cluster_replication_mode', 'database_backup_dir', 'database_backup_enabled', 'database_backup_interval', 'database_max_size_mb', 'database_url', 'database_wal', 'firewall_backend', 'firewall_enabled', 'https_only', 'log_level', 'log_retention_days', 'network_allowed_cidrs', 'network_public_url', 'release_channel', 'release_date', 'server_host', 'server_port', 'session_cookie_secure', 'session_hours', 'ssh_allow_poweroff', 'ssh_connect_timeout', 'ssh_host', 'ssh_key_path', 'ssh_known_hosts', 'ssh_port', 'ssh_user', 'status', 'student_allowed_apps', 'student_exam_url', 'student_forbidden_apps', 'student_require_dob', 'student_require_email', 'student_require_name', 'student_sync_interval', 'version_number']
2026-09-16 11:06:34,860 INFO oes request method=GET path=/teacher/exam-maker status=200 duration_ms=7.99
2026-09-16 11:07:07,337 INFO oes config_read keys=['application_name', 'check_day_of_birth', 'check_email', 'check_firstname', 'check_info', 'check_secondname', 'cluster_discovery_cidr', 'cluster_discovery_port', 'cluster_enabled', 'cluster_replication_mode', 'database_backup_dir', 'database_backup_enabled', 'database_backup_interval', 'database_max_size_mb', 'database_url', 'database_wal', 'firewall_backend', 'firewall_enabled', 'https_only', 'log_level', 'log_retention_days', 'network_allowed_cidrs', 'network_public_url', 'release_channel', 'release_date', 'server_host', 'server_port', 'session_cookie_secure', 'session_hours', 'ssh_allow_poweroff', 'ssh_connect_timeout', 'ssh_host', 'ssh_key_path', 'ssh_known_hosts', 'ssh_port', 'ssh_user', 'status', 'student_allowed_apps', 'student_exam_url', 'student_forbidden_apps', 'student_require_dob', 'student_require_email', 'student_require_name', 'student_sync_interval', 'version_number']
2026-09-16 11:07:07,341 INFO oes request method=GET path=/teacher/preview-exam status=200 duration_ms=6.74
2026-09-16 11:07:09,946 INFO oes config_read keys=['application_name', 'check_day_of_birth', 'check_email', 'check_firstname', 'check_info', 'check_secondname', 'cluster_discovery_cidr', 'cluster_discovery_port', 'cluster_enabled', 'cluster_replication_mode', 'database_backup_dir', 'database_backup_enabled', 'database_backup_interval', 'database_max_size_mb', 'database_url', 'database_wal', 'firewall_backend', 'firewall_enabled', 'https_only', 'log_level', 'log_retention_days', 'network_allowed_cidrs', 'network_public_url', 'release_channel', 'release_date', 'server_host', 'server_port', 'session_cookie_secure', 'session_hours', 'ssh_allow_poweroff', 'ssh_connect_timeout', 'ssh_host', 'ssh_key_path', 'ssh_known_hosts', 'ssh_port', 'ssh_user', 'status', 'student_allowed_apps', 'student_exam_url', 'student_forbidden_apps', 'student_require_dob', 'student_require_email', 'student_require_name', 'student_sync_interval', 'version_number']
2026-09-16 11:07:09,950 INFO oes request method=GET path=/teacher/dashboard status=200 duration_ms=4.92
2026-09-16 11:07:11,858 INFO oes config_read keys=['application_name', 'check_day_of_birth', 'check_email', 'check_firstname', 'check_info', 'check_secondname', 'cluster_discovery_cidr', 'cluster_discovery_port', 'cluster_enabled', 'cluster_replication_mode', 'database_backup_dir', 'database_backup_enabled', 'database_backup_interval', 'database_max_size_mb', 'database_url', 'database_wal', 'firewall_backend', 'firewall_enabled', 'https_only', 'log_level', 'log_retention_days', 'network_allowed_cidrs', 'network_public_url', 'release_channel', 'release_date', 'server_host', 'server_port', 'session_cookie_secure', 'session_hours', 'ssh_allow_poweroff', 'ssh_connect_timeout', 'ssh_host', 'ssh_key_path', 'ssh_known_hosts', 'ssh_port', 'ssh_user', 'status', 'student_allowed_apps', 'student_exam_url', 'student_forbidden_apps', 'student_require_dob', 'student_require_email', 'student_require_name', 'student_sync_interval', 'version_number']
2026-09-16 11:07:11,877 INFO oes request method=GET path=/teacher/students status=200 duration_ms=21.75
2026-09-16 11:07:13,232 INFO oes config_read keys=['application_name', 'check_day_of_birth', 'check_email', 'check_firstname', 'check_info', 'check_secondname', 'cluster_discovery_cidr', 'cluster_discovery_port', 'cluster_enabled', 'cluster_replication_mode', 'database_backup_dir', 'database_backup_enabled', 'database_backup_interval', 'database_max_size_mb', 'database_url', 'database_wal', 'firewall_backend', 'firewall_enabled', 'https_only', 'log_level', 'log_retention_days', 'network_allowed_cidrs', 'network_public_url', 'release_channel', 'release_date', 'server_host', 'server_port', 'session_cookie_secure', 'session_hours', 'ssh_allow_poweroff', 'ssh_connect_timeout', 'ssh_host', 'ssh_key_path', 'ssh_known_hosts', 'ssh_port', 'ssh_user', 'status', 'student_allowed_apps', 'student_exam_url', 'student_forbidden_apps', 'student_require_dob', 'student_require_email', 'student_require_name', 'student_sync_interval', 'version_number']
2026-09-16 11:07:13,238 INFO oes request method=GET path=/teacher/exam-status status=200 duration_ms=10.66
2026-09-16 11:07:13,445 INFO oes config_read keys=['application_name', 'check_day_of_birth', 'check_email', 'check_firstname', 'check_info', 'check_secondname', 'cluster_discovery_cidr', 'cluster_discovery_port', 'cluster_enabled', 'cluster_replication_mode', 'database_backup_dir', 'database_backup_enabled', 'database_backup_interval', 'database_max_size_mb', 'database_url', 'database_wal', 'firewall_backend', 'firewall_enabled', 'https_only', 'log_level', 'log_retention_days', 'network_allowed_cidrs', 'network_public_url', 'release_channel', 'release_date', 'server_host', 'server_port', 'session_cookie_secure', 'session_hours', 'ssh_allow_poweroff', 'ssh_connect_timeout', 'ssh_host', 'ssh_key_path', 'ssh_known_hosts', 'ssh_port', 'ssh_user', 'status', 'student_allowed_apps', 'student_exam_url', 'student_forbidden_apps', 'student_require_dob', 'student_require_email', 'student_require_name', 'student_sync_interval', 'version_number']
2026-09-16 11:07:13,449 INFO oes config_read keys=['application_name', 'check_day_of_birth', 'check_email', 'check_firstname', 'check_info', 'check_secondname', 'cluster_discovery_cidr', 'cluster_discovery_port', 'cluster_enabled', 'cluster_replication_mode', 'database_backup_dir', 'database_backup_enabled', 'database_backup_interval', 'database_max_size_mb', 'database_url', 'database_wal', 'firewall_backend', 'firewall_enabled', 'https_only', 'log_level', 'log_retention_days', 'network_allowed_cidrs', 'network_public_url', 'release_channel', 'release_date', 'server_host', 'server_port', 'session_cookie_secure', 'session_hours', 'ssh_allow_poweroff', 'ssh_connect_timeout', 'ssh_host', 'ssh_key_path', 'ssh_known_hosts', 'ssh_port', 'ssh_user', 'status', 'student_allowed_apps', 'student_exam_url', 'student_forbidden_apps', 'student_require_dob', 'student_require_email', 'student_require_name', 'student_sync_interval', 'version_number']
2026-09-16 11:07:13,454 INFO oes request method=GET path=/api/teacher/exams status=200 duration_ms=88.11
2026-09-16 11:07:15,383 INFO oes config_read keys=['application_name', 'check_day_of_birth', 'check_email', 'check_firstname', 'check_info', 'check_secondname', 'cluster_discovery_cidr', 'cluster_discovery_port', 'cluster_enabled', 'cluster_replication_mode', 'database_backup_dir', 'database_backup_enabled', 'database_backup_interval', 'database_max_size_mb', 'database_url', 'database_wal', 'firewall_backend', 'firewall_enabled', 'https_only', 'log_level', 'log_retention_days', 'network_allowed_cidrs', 'network_public_url', 'release_channel', 'release_date', 'server_host', 'server_port', 'session_cookie_secure', 'session_hours', 'ssh_allow_poweroff', 'ssh_connect_timeout', 'ssh_host', 'ssh_key_path', 'ssh_known_hosts', 'ssh_port', 'ssh_user', 'status', 'student_allowed_apps', 'student_exam_url', 'student_forbidden_apps', 'student_require_dob', 'student_require_email', 'student_require_name', 'student_sync_interval', 'version_number']
2026-09-16 11:07:15,385 INFO oes config_read keys=['application_name', 'check_day_of_birth', 'check_email', 'check_firstname', 'check_info', 'check_secondname', 'cluster_discovery_cidr', 'cluster_discovery_port', 'cluster_enabled', 'cluster_replication_mode', 'database_backup_dir', 'database_backup_enabled', 'database_backup_interval', 'database_max_size_mb', 'database_url', 'database_wal', 'firewall_backend', 'firewall_enabled', 'https_only', 'log_level', 'log_retention_days', 'network_allowed_cidrs', 'network_public_url', 'release_channel', 'release_date', 'server_host', 'server_port', 'session_cookie_secure', 'session_hours', 'ssh_allow_poweroff', 'ssh_connect_timeout', 'ssh_host', 'ssh_key_path', 'ssh_known_hosts', 'ssh_port', 'ssh_user', 'status', 'student_allowed_apps', 'student_exam_url', 'student_forbidden_apps', 'student_require_dob', 'student_require_email', 'student_require_name', 'student_sync_interval', 'version_number']
2026-09-16 11:07:15,387 INFO oes request method=GET path=/api/teacher/exams status=200 duration_ms=6.47
2026-09-16 11:07:17,373 INFO oes config_read keys=['application_name', 'check_day_of_birth', 'check_email', 'check_firstname', 'check_info', 'check_secondname', 'cluster_discovery_cidr', 'cluster_discovery_port', 'cluster_enabled', 'cluster_replication_mode', 'database_backup_dir', 'database_backup_enabled', 'database_backup_interval', 'database_max_size_mb', 'database_url', 'database_wal', 'firewall_backend', 'firewall_enabled', 'https_only', 'log_level', 'log_retention_days', 'network_allowed_cidrs', 'network_public_url', 'release_channel', 'release_date', 'server_host', 'server_port', 'session_cookie_secure', 'session_hours', 'ssh_allow_poweroff', 'ssh_connect_timeout', 'ssh_host', 'ssh_key_path', 'ssh_known_hosts', 'ssh_port', 'ssh_user', 'status', 'student_allowed_apps', 'student_exam_url', 'student_forbidden_apps', 'student_require_dob', 'student_require_email', 'student_require_name', 'student_sync_interval', 'version_number']
2026-09-16 11:07:17,375 INFO oes config_read keys=['application_name', 'check_day_of_birth', 'check_email', 'check_firstname', 'check_info', 'check_secondname', 'cluster_discovery_cidr', 'cluster_discovery_port', 'cluster_enabled', 'cluster_replication_mode', 'database_backup_dir', 'database_backup_enabled', 'database_backup_interval', 'database_max_size_mb', 'database_url', 'database_wal', 'firewall_backend', 'firewall_enabled', 'https_only', 'log_level', 'log_retention_days', 'network_allowed_cidrs', 'network_public_url', 'release_channel', 'release_date', 'server_host', 'server_port', 'session_cookie_secure', 'session_hours', 'ssh_allow_poweroff', 'ssh_connect_timeout', 'ssh_host', 'ssh_key_path', 'ssh_known_hosts', 'ssh_port', 'ssh_user', 'status', 'student_allowed_apps', 'student_exam_url', 'student_forbidden_apps', 'student_require_dob', 'student_require_email', 'student_require_name', 'student_sync_interval', 'version_number']
2026-09-16 11:07:17,378 INFO oes request method=GET path=/api/teacher/exams status=200 duration_ms=6.41
2026-09-16 11:07:19,379 INFO oes config_read keys=['application_name', 'check_day_of_birth', 'check_email', 'check_firstname', 'check_info', 'check_secondname', 'cluster_discovery_cidr', 'cluster_discovery_port', 'cluster_enabled', 'cluster_replication_mode', 'database_backup_dir', 'database_backup_enabled', 'database_backup_interval', 'database_max_size_mb', 'database_url', 'database_wal', 'firewall_backend', 'firewall_enabled', 'https_only', 'log_level', 'log_retention_days', 'network_allowed_cidrs', 'network_public_url', 'release_channel', 'release_date', 'server_host', 'server_port', 'session_cookie_secure', 'session_hours', 'ssh_allow_poweroff', 'ssh_connect_timeout', 'ssh_host', 'ssh_key_path', 'ssh_known_hosts', 'ssh_port', 'ssh_user', 'status', 'student_allowed_apps', 'student_exam_url', 'student_forbidden_apps', 'student_require_dob', 'student_require_email', 'student_require_name', 'student_sync_interval', 'version_number']
2026-09-16 11:07:19,381 INFO oes config_read keys=['application_name', 'check_day_of_birth', 'check_email', 'check_firstname', 'check_info', 'check_secondname', 'cluster_discovery_cidr', 'cluster_discovery_port', 'cluster_enabled', 'cluster_replication_mode', 'database_backup_dir', 'database_backup_enabled', 'database_backup_interval', 'database_max_size_mb', 'database_url', 'database_wal', 'firewall_backend', 'firewall_enabled', 'https_only', 'log_level', 'log_retention_days', 'network_allowed_cidrs', 'network_public_url', 'release_channel', 'release_date', 'server_host', 'server_port', 'session_cookie_secure', 'session_hours', 'ssh_allow_poweroff', 'ssh_connect_timeout', 'ssh_host', 'ssh_key_path', 'ssh_known_hosts', 'ssh_port', 'ssh_user', 'status', 'student_allowed_apps', 'student_exam_url', 'student_forbidden_apps', 'student_require_dob', 'student_require_email', 'student_require_name', 'student_sync_interval', 'version_number']
2026-09-16 11:07:19,384 INFO oes request method=GET path=/api/teacher/exams status=200 duration_ms=8.18
2026-09-16 11:07:21,370 INFO oes config_read keys=['application_name', 'check_day_of_birth', 'check_email', 'check_firstname', 'check_info', 'check_secondname', 'cluster_discovery_cidr', 'cluster_discovery_port', 'cluster_enabled', 'cluster_replication_mode', 'database_backup_dir', 'database_backup_enabled', 'database_backup_interval', 'database_max_size_mb', 'database_url', 'database_wal', 'firewall_backend', 'firewall_enabled', 'https_only', 'log_level', 'log_retention_days', 'network_allowed_cidrs', 'network_public_url', 'release_channel', 'release_date', 'server_host', 'server_port', 'session_cookie_secure', 'session_hours', 'ssh_allow_poweroff', 'ssh_connect_timeout', 'ssh_host', 'ssh_key_path', 'ssh_known_hosts', 'ssh_port', 'ssh_user', 'status', 'student_allowed_apps', 'student_exam_url', 'student_forbidden_apps', 'student_require_dob', 'student_require_email', 'student_require_name', 'student_sync_interval', 'version_number']
2026-09-16 11:07:21,372 INFO oes config_read keys=['application_name', 'check_day_of_birth', 'check_email', 'check_firstname', 'check_info', 'check_secondname', 'cluster_discovery_cidr', 'cluster_discovery_port', 'cluster_enabled', 'cluster_replication_mode', 'database_backup_dir', 'database_backup_enabled', 'database_backup_interval', 'database_max_size_mb', 'database_url', 'database_wal', 'firewall_backend', 'firewall_enabled', 'https_only', 'log_level', 'log_retention_days', 'network_allowed_cidrs', 'network_public_url', 'release_channel', 'release_date', 'server_host', 'server_port', 'session_cookie_secure', 'session_hours', 'ssh_allow_poweroff', 'ssh_connect_timeout', 'ssh_host', 'ssh_key_path', 'ssh_known_hosts', 'ssh_port', 'ssh_user', 'status', 'student_allowed_apps', 'student_exam_url', 'student_forbidden_apps', 'student_require_dob', 'student_require_email', 'student_require_name', 'student_sync_interval', 'version_number']
2026-09-16 11:07:21,374 INFO oes request method=GET path=/api/teacher/exams status=200 duration_ms=6.28
2026-09-16 11:07:21,949 INFO oes config_read keys=['application_name', 'check_day_of_birth', 'check_email', 'check_firstname', 'check_info', 'check_secondname', 'cluster_discovery_cidr', 'cluster_discovery_port', 'cluster_enabled', 'cluster_replication_mode', 'database_backup_dir', 'database_backup_enabled', 'database_backup_interval', 'database_max_size_mb', 'database_url', 'database_wal', 'firewall_backend', 'firewall_enabled', 'https_only', 'log_level', 'log_retention_days', 'network_allowed_cidrs', 'network_public_url', 'release_channel', 'release_date', 'server_host', 'server_port', 'session_cookie_secure', 'session_hours', 'ssh_allow_poweroff', 'ssh_connect_timeout', 'ssh_host', 'ssh_key_path', 'ssh_known_hosts', 'ssh_port', 'ssh_user', 'status', 'student_allowed_apps', 'student_exam_url', 'student_forbidden_apps', 'student_require_dob', 'student_require_email', 'student_require_name', 'student_sync_interval', 'version_number']
2026-09-16 11:07:21,952 INFO oes request method=GET path=/teacher/preview-exam status=200 duration_ms=6.61
2026-09-16 11:07:25,356 INFO oes request method=GET path=/admin/dashboard status=403 duration_ms=2.84
2026-09-16 11:07:33,014 INFO oes request method=GET path=/admin/students status=403 duration_ms=1.26
2026-09-16 11:07:43,138 INFO oes request method=GET path=/admin/students status=403 duration_ms=2.71
2026-09-16 11:07:53,238 INFO oes request method=GET path=/ status=200 duration_ms=2.94
2026-09-16 11:07:56,451 INFO oes config_read keys=['application_name', 'check_day_of_birth', 'check_email', 'check_firstname', 'check_info', 'check_secondname', 'cluster_discovery_cidr', 'cluster_discovery_port', 'cluster_enabled', 'cluster_replication_mode', 'database_backup_dir', 'database_backup_enabled', 'database_backup_interval', 'database_max_size_mb', 'database_url', 'database_wal', 'firewall_backend', 'firewall_enabled', 'https_only', 'log_level', 'log_retention_days', 'network_allowed_cidrs', 'network_public_url', 'release_channel', 'release_date', 'server_host', 'server_port', 'session_cookie_secure', 'session_hours', 'ssh_allow_poweroff', 'ssh_connect_timeout', 'ssh_host', 'ssh_key_path', 'ssh_known_hosts', 'ssh_port', 'ssh_user', 'status', 'student_allowed_apps', 'student_exam_url', 'student_forbidden_apps', 'student_require_dob', 'student_require_email', 'student_require_name', 'student_sync_interval', 'version_number']
2026-09-16 11:07:56,453 INFO oes config_read keys=['application_name', 'check_day_of_birth', 'check_email', 'check_firstname', 'check_info', 'check_secondname', 'cluster_discovery_cidr', 'cluster_discovery_port', 'cluster_enabled', 'cluster_replication_mode', 'database_backup_dir', 'database_backup_enabled', 'database_backup_interval', 'database_max_size_mb', 'database_url', 'database_wal', 'firewall_backend', 'firewall_enabled', 'https_only', 'log_level', 'log_retention_days', 'network_allowed_cidrs', 'network_public_url', 'release_channel', 'release_date', 'server_host', 'server_port', 'session_cookie_secure', 'session_hours', 'ssh_allow_poweroff', 'ssh_connect_timeout', 'ssh_host', 'ssh_key_path', 'ssh_known_hosts', 'ssh_port', 'ssh_user', 'status', 'student_allowed_apps', 'student_exam_url', 'student_forbidden_apps', 'student_require_dob', 'student_require_email', 'student_require_name', 'student_sync_interval', 'version_number']
2026-09-16 11:07:56,455 INFO oes session_created role=admin
2026-09-16 11:07:56,456 INFO oes request method=POST path=/login status=303 duration_ms=6.67
2026-09-16 11:07:56,463 INFO oes config_read keys=['application_name', 'check_day_of_birth', 'check_email', 'check_firstname', 'check_info', 'check_secondname', 'cluster_discovery_cidr', 'cluster_discovery_port', 'cluster_enabled', 'cluster_replication_mode', 'database_backup_dir', 'database_backup_enabled', 'database_backup_interval', 'database_max_size_mb', 'database_url', 'database_wal', 'firewall_backend', 'firewall_enabled', 'https_only', 'log_level', 'log_retention_days', 'network_allowed_cidrs', 'network_public_url', 'release_channel', 'release_date', 'server_host', 'server_port', 'session_cookie_secure', 'session_hours', 'ssh_allow_poweroff', 'ssh_connect_timeout', 'ssh_host', 'ssh_key_path', 'ssh_known_hosts', 'ssh_port', 'ssh_user', 'status', 'student_allowed_apps', 'student_exam_url', 'student_forbidden_apps', 'student_require_dob', 'student_require_email', 'student_require_name', 'student_sync_interval', 'version_number']
2026-09-16 11:07:56,466 INFO oes request method=GET path=/admin/dashboard status=200 duration_ms=4.62
2026-09-16 11:08:00,706 INFO oes config_read keys=['application_name', 'check_day_of_birth', 'check_email', 'check_firstname', 'check_info', 'check_secondname', 'cluster_discovery_cidr', 'cluster_discovery_port', 'cluster_enabled', 'cluster_replication_mode', 'database_backup_dir', 'database_backup_enabled', 'database_backup_interval', 'database_max_size_mb', 'database_url', 'database_wal', 'firewall_backend', 'firewall_enabled', 'https_only', 'log_level', 'log_retention_days', 'network_allowed_cidrs', 'network_public_url', 'release_channel', 'release_date', 'server_host', 'server_port', 'session_cookie_secure', 'session_hours', 'ssh_allow_poweroff', 'ssh_connect_timeout', 'ssh_host', 'ssh_key_path', 'ssh_known_hosts', 'ssh_port', 'ssh_user', 'status', 'student_allowed_apps', 'student_exam_url', 'student_forbidden_apps', 'student_require_dob', 'student_require_email', 'student_require_name', 'student_sync_interval', 'version_number']
2026-09-16 11:08:00,711 INFO oes request method=GET path=/admin/server-status status=200 duration_ms=9.07
2026-09-16 11:08:05,887 INFO oes config_read keys=['application_name', 'check_day_of_birth', 'check_email', 'check_firstname', 'check_info', 'check_secondname', 'cluster_discovery_cidr', 'cluster_discovery_port', 'cluster_enabled', 'cluster_replication_mode', 'database_backup_dir', 'database_backup_enabled', 'database_backup_interval', 'database_max_size_mb', 'database_url', 'database_wal', 'firewall_backend', 'firewall_enabled', 'https_only', 'log_level', 'log_retention_days', 'network_allowed_cidrs', 'network_public_url', 'release_channel', 'release_date', 'server_host', 'server_port', 'session_cookie_secure', 'session_hours', 'ssh_allow_poweroff', 'ssh_connect_timeout', 'ssh_host', 'ssh_key_path', 'ssh_known_hosts', 'ssh_port', 'ssh_user', 'status', 'student_allowed_apps', 'student_exam_url', 'student_forbidden_apps', 'student_require_dob', 'student_require_email', 'student_require_name', 'student_sync_interval', 'version_number']
2026-09-16 11:08:05,891 INFO oes request method=GET path=/admin/network status=200 duration_ms=6.11
2026-09-16 11:08:09,854 INFO oes config_read keys=['application_name', 'check_day_of_birth', 'check_email', 'check_firstname', 'check_info', 'check_secondname', 'cluster_discovery_cidr', 'cluster_discovery_port', 'cluster_enabled', 'cluster_replication_mode', 'database_backup_dir', 'database_backup_enabled', 'database_backup_interval', 'database_max_size_mb', 'database_url', 'database_wal', 'firewall_backend', 'firewall_enabled', 'https_only', 'log_level', 'log_retention_days', 'network_allowed_cidrs', 'network_public_url', 'release_channel', 'release_date', 'server_host', 'server_port', 'session_cookie_secure', 'session_hours', 'ssh_allow_poweroff', 'ssh_connect_timeout', 'ssh_host', 'ssh_key_path', 'ssh_known_hosts', 'ssh_port', 'ssh_user', 'status', 'student_allowed_apps', 'student_exam_url', 'student_forbidden_apps', 'student_require_dob', 'student_require_email', 'student_require_name', 'student_sync_interval', 'version_number']
2026-09-16 11:08:09,859 INFO oes request method=GET path=/admin/database status=200 duration_ms=7.15
2026-09-16 11:08:09,881 INFO oes config_read keys=['application_name', 'check_day_of_birth', 'check_email', 'check_firstname', 'check_info', 'check_secondname', 'cluster_discovery_cidr', 'cluster_discovery_port', 'cluster_enabled', 'cluster_replication_mode', 'database_backup_dir', 'database_backup_enabled', 'database_backup_interval', 'database_max_size_mb', 'database_url', 'database_wal', 'firewall_backend', 'firewall_enabled', 'https_only', 'log_level', 'log_retention_days', 'network_allowed_cidrs', 'network_public_url', 'release_channel', 'release_date', 'server_host', 'server_port', 'session_cookie_secure', 'session_hours', 'ssh_allow_poweroff', 'ssh_connect_timeout', 'ssh_host', 'ssh_key_path', 'ssh_known_hosts', 'ssh_port', 'ssh_user', 'status', 'student_allowed_apps', 'student_exam_url', 'student_forbidden_apps', 'student_require_dob', 'student_require_email', 'student_require_name', 'student_sync_interval', 'version_number']
2026-09-16 11:08:09,885 INFO oes request method=GET path=/api/admin/config status=200 duration_ms=7.45
2026-09-16 11:08:16,937 INFO oes config_read keys=['application_name', 'check_day_of_birth', 'check_email', 'check_firstname', 'check_info', 'check_secondname', 'cluster_discovery_cidr', 'cluster_discovery_port', 'cluster_enabled', 'cluster_replication_mode', 'database_backup_dir', 'database_backup_enabled', 'database_backup_interval', 'database_max_size_mb', 'database_url', 'database_wal', 'firewall_backend', 'firewall_enabled', 'https_only', 'log_level', 'log_retention_days', 'network_allowed_cidrs', 'network_public_url', 'release_channel', 'release_date', 'server_host', 'server_port', 'session_cookie_secure', 'session_hours', 'ssh_allow_poweroff', 'ssh_connect_timeout', 'ssh_host', 'ssh_key_path', 'ssh_known_hosts', 'ssh_port', 'ssh_user', 'status', 'student_allowed_apps', 'student_exam_url', 'student_forbidden_apps', 'student_require_dob', 'student_require_email', 'student_require_name', 'student_sync_interval', 'version_number']
2026-09-16 11:08:16,941 INFO oes request method=GET path=/admin/ssh status=200 duration_ms=7.73
2026-09-16 11:08:16,963 INFO oes config_read keys=['application_name', 'check_day_of_birth', 'check_email', 'check_firstname', 'check_info', 'check_secondname', 'cluster_discovery_cidr', 'cluster_discovery_port', 'cluster_enabled', 'cluster_replication_mode', 'database_backup_dir', 'database_backup_enabled', 'database_backup_interval', 'database_max_size_mb', 'database_url', 'database_wal', 'firewall_backend', 'firewall_enabled', 'https_only', 'log_level', 'log_retention_days', 'network_allowed_cidrs', 'network_public_url', 'release_channel', 'release_date', 'server_host', 'server_port', 'session_cookie_secure', 'session_hours', 'ssh_allow_poweroff', 'ssh_connect_timeout', 'ssh_host', 'ssh_key_path', 'ssh_known_hosts', 'ssh_port', 'ssh_user', 'status', 'student_allowed_apps', 'student_exam_url', 'student_forbidden_apps', 'student_require_dob', 'student_require_email', 'student_require_name', 'student_sync_interval', 'version_number']
2026-09-16 11:08:16,966 INFO oes request method=GET path=/api/admin/config status=200 duration_ms=5.96
2026-09-16 11:08:20,125 INFO oes config_read keys=['application_name', 'check_day_of_birth', 'check_email', 'check_firstname', 'check_info', 'check_secondname', 'cluster_discovery_cidr', 'cluster_discovery_port', 'cluster_enabled', 'cluster_replication_mode', 'database_backup_dir', 'database_backup_enabled', 'database_backup_interval', 'database_max_size_mb', 'database_url', 'database_wal', 'firewall_backend', 'firewall_enabled', 'https_only', 'log_level', 'log_retention_days', 'network_allowed_cidrs', 'network_public_url', 'release_channel', 'release_date', 'server_host', 'server_port', 'session_cookie_secure', 'session_hours', 'ssh_allow_poweroff', 'ssh_connect_timeout', 'ssh_host', 'ssh_key_path', 'ssh_known_hosts', 'ssh_port', 'ssh_user', 'status', 'student_allowed_apps', 'student_exam_url', 'student_forbidden_apps', 'student_require_dob', 'student_require_email', 'student_require_name', 'student_sync_interval', 'version_number']
2026-09-16 11:08:20,130 INFO oes request method=GET path=/admin/system status=200 duration_ms=7.37
2026-09-16 11:08:20,780 INFO oes request method=GET path=/api/admin/server/overview status=200 duration_ms=631.10
2026-09-16 11:08:27,580 INFO oes config_read keys=['application_name', 'check_day_of_birth', 'check_email', 'check_firstname', 'check_info', 'check_secondname', 'cluster_discovery_cidr', 'cluster_discovery_port', 'cluster_enabled', 'cluster_replication_mode', 'database_backup_dir', 'database_backup_enabled', 'database_backup_interval', 'database_max_size_mb', 'database_url', 'database_wal', 'firewall_backend', 'firewall_enabled', 'https_only', 'log_level', 'log_retention_days', 'network_allowed_cidrs', 'network_public_url', 'release_channel', 'release_date', 'server_host', 'server_port', 'session_cookie_secure', 'session_hours', 'ssh_allow_poweroff', 'ssh_connect_timeout', 'ssh_host', 'ssh_key_path', 'ssh_known_hosts', 'ssh_port', 'ssh_user', 'status', 'student_allowed_apps', 'student_exam_url', 'student_forbidden_apps', 'student_require_dob', 'student_require_email', 'student_require_name', 'student_sync_interval', 'version_number']
2026-09-16 11:08:27,584 INFO oes request method=GET path=/admin/database status=200 duration_ms=6.73
2026-09-16 11:08:27,607 INFO oes config_read keys=['application_name', 'check_day_of_birth', 'check_email', 'check_firstname', 'check_info', 'check_secondname', 'cluster_discovery_cidr', 'cluster_discovery_port', 'cluster_enabled', 'cluster_replication_mode', 'database_backup_dir', 'database_backup_enabled', 'database_backup_interval', 'database_max_size_mb', 'database_url', 'database_wal', 'firewall_backend', 'firewall_enabled', 'https_only', 'log_level', 'log_retention_days', 'network_allowed_cidrs', 'network_public_url', 'release_channel', 'release_date', 'server_host', 'server_port', 'session_cookie_secure', 'session_hours', 'ssh_allow_poweroff', 'ssh_connect_timeout', 'ssh_host', 'ssh_key_path', 'ssh_known_hosts', 'ssh_port', 'ssh_user', 'status', 'student_allowed_apps', 'student_exam_url', 'student_forbidden_apps', 'student_require_dob', 'student_require_email', 'student_require_name', 'student_sync_interval', 'version_number']
2026-09-16 11:08:27,610 INFO oes request method=GET path=/api/admin/config status=200 duration_ms=5.43
2026-09-16 11:08:29,063 INFO oes config_read keys=['application_name', 'check_day_of_birth', 'check_email', 'check_firstname', 'check_info', 'check_secondname', 'cluster_discovery_cidr', 'cluster_discovery_port', 'cluster_enabled', 'cluster_replication_mode', 'database_backup_dir', 'database_backup_enabled', 'database_backup_interval', 'database_max_size_mb', 'database_url', 'database_wal', 'firewall_backend', 'firewall_enabled', 'https_only', 'log_level', 'log_retention_days', 'network_allowed_cidrs', 'network_public_url', 'release_channel', 'release_date', 'server_host', 'server_port', 'session_cookie_secure', 'session_hours', 'ssh_allow_poweroff', 'ssh_connect_timeout', 'ssh_host', 'ssh_key_path', 'ssh_known_hosts', 'ssh_port', 'ssh_user', 'status', 'student_allowed_apps', 'student_exam_url', 'student_forbidden_apps', 'student_require_dob', 'student_require_email', 'student_require_name', 'student_sync_interval', 'version_number']
2026-09-16 11:08:29,068 INFO oes request method=GET path=/admin/security status=200 duration_ms=9.06
2026-09-16 11:08:29,090 INFO oes config_read keys=['application_name', 'check_day_of_birth', 'check_email', 'check_firstname', 'check_info', 'check_secondname', 'cluster_discovery_cidr', 'cluster_discovery_port', 'cluster_enabled', 'cluster_replication_mode', 'database_backup_dir', 'database_backup_enabled', 'database_backup_interval', 'database_max_size_mb', 'database_url', 'database_wal', 'firewall_backend', 'firewall_enabled', 'https_only', 'log_level', 'log_retention_days', 'network_allowed_cidrs', 'network_public_url', 'release_channel', 'release_date', 'server_host', 'server_port', 'session_cookie_secure', 'session_hours', 'ssh_allow_poweroff', 'ssh_connect_timeout', 'ssh_host', 'ssh_key_path', 'ssh_known_hosts', 'ssh_port', 'ssh_user', 'status', 'student_allowed_apps', 'student_exam_url', 'student_forbidden_apps', 'student_require_dob', 'student_require_email', 'student_require_name', 'student_sync_interval', 'version_number']
2026-09-16 11:08:29,092 INFO oes request method=GET path=/api/admin/config status=200 duration_ms=4.76
2026-09-16 11:08:30,733 INFO oes config_read keys=['application_name', 'check_day_of_birth', 'check_email', 'check_firstname', 'check_info', 'check_secondname', 'cluster_discovery_cidr', 'cluster_discovery_port', 'cluster_enabled', 'cluster_replication_mode', 'database_backup_dir', 'database_backup_enabled', 'database_backup_interval', 'database_max_size_mb', 'database_url', 'database_wal', 'firewall_backend', 'firewall_enabled', 'https_only', 'log_level', 'log_retention_days', 'network_allowed_cidrs', 'network_public_url', 'release_channel', 'release_date', 'server_host', 'server_port', 'session_cookie_secure', 'session_hours', 'ssh_allow_poweroff', 'ssh_connect_timeout', 'ssh_host', 'ssh_key_path', 'ssh_known_hosts', 'ssh_port', 'ssh_user', 'status', 'student_allowed_apps', 'student_exam_url', 'student_forbidden_apps', 'student_require_dob', 'student_require_email', 'student_require_name', 'student_sync_interval', 'version_number']
2026-09-16 11:08:30,740 INFO oes request method=GET path=/admin/network status=200 duration_ms=8.67
2026-09-16 11:08:36,199 INFO oes config_read keys=['application_name', 'check_day_of_birth', 'check_email', 'check_firstname', 'check_info', 'check_secondname', 'cluster_discovery_cidr', 'cluster_discovery_port', 'cluster_enabled', 'cluster_replication_mode', 'database_backup_dir', 'database_backup_enabled', 'database_backup_interval', 'database_max_size_mb', 'database_url', 'database_wal', 'firewall_backend', 'firewall_enabled', 'https_only', 'log_level', 'log_retention_days', 'network_allowed_cidrs', 'network_public_url', 'release_channel', 'release_date', 'server_host', 'server_port', 'session_cookie_secure', 'session_hours', 'ssh_allow_poweroff', 'ssh_connect_timeout', 'ssh_host', 'ssh_key_path', 'ssh_known_hosts', 'ssh_port', 'ssh_user', 'status', 'student_allowed_apps', 'student_exam_url', 'student_forbidden_apps', 'student_require_dob', 'student_require_email', 'student_require_name', 'student_sync_interval', 'version_number']
2026-09-16 11:08:36,217 INFO oes request method=GET path=/admin/network status=200 duration_ms=22.62
